SimTime,cpu_tb.cpu_ut.registers.inW[31:0],cpu_tb.cpu_ut.registers.outB[31:0],cpu_tb.cpu_ut.registers.outA[31:0],cpu_tb.cpu_ut.datamem.dout[31:0],cpu_tb.cpu_ut.datamem.din[31:0],cpu_tb.cpu_ut.datamem.addr[31:0],cpu_tb.cpu_ut.cpu_alu.R[31:0],cpu_tb.cpu_ut.cpu_alu.B[31:0],cpu_tb.cpu_ut.cpu_alu.A[31:0],cpu_tb.cpu_ut.instructionfetcher.currpc[29:0],cpu_tb.cpu_ut.instructionfetcher.instr[31:0],cpu_tb.cpu_ut.aluctrl.ALUOp[2:0],cpu_tb.cpu_ut.aluctrl.ALUCtr[2:0],cpu_tb.clk
0,,,,,,,,FFFFxxxx,,,,,2,
1,00001000,,00000000,,,00001000,00001000,00001000,00000000,00100008,20021000,0,2,
10,10000000,00001000,00001000,00000009,00001000,10000000,10000000,00001000,00001000,00100009,00421400,4,5,0
15,10000000,00001000,00001000,00000009,00001000,10000000,10000000,00001000,00001000,00100009,00421400,4,5,1
20,10000024,,10000000,00000003,,10000024,10000024,00000024,10000000,0010000A,20440024,0,2,0
25,10000024,,10000000,00000003,,10000024,10000024,00000024,10000000,0010000A,20440024,0,2,1
30,10000028,,10000000,00000003,,10000028,10000028,00000028,10000000,0010000B,20450028,0,2,0
35,10000028,,10000000,00000003,,10000028,10000028,00000028,10000000,0010000B,20450028,0,2,1
40,00000009,,10000000,00000009,,10000000,10000000,00000000,10000000,0010000C,8C470000,0,2,0
45,00000009,,10000000,00000009,,10000000,10000000,00000000,10000000,0010000C,8C470000,0,2,1
50,10000004,,10000000,0000000A,,10000004,10000004,00000004,10000000,0010000D,20430004,0,2,0
55,10000004,,10000000,0000000A,,10000004,10000004,00000004,10000000,0010000D,20430004,0,2,1
60,0000000A,,10000004,0000000A,,10000004,10000004,00000000,10000004,0010000E,8C610000,0,2,0
65,0000000A,,10000004,0000000A,,10000004,10000004,00000000,10000004,0010000E,8C610000,0,2,1
70,00000001,0000000A,00000009,0000000A,0000000A,00000001,00000001,0000000A,00000009,0010000F,00E1302A,4,7,0
75,00000001,0000000A,00000009,0000000A,0000000A,00000001,00000001,0000000A,00000009,0010000F,00E1302A,4,7,1
80,00000001,00000000,00000001,0000000A,00000000,00000001,00000001,00000000,00000001,00100010,1CC00003,0,2,0
85,00000001,00000000,00000001,0000000A,00000000,00000001,00000001,00000000,00000001,00100010,1CC00003,0,2,1
90,10000008,10000004,10000004,00000008,10000004,10000008,10000008,00000004,10000004,00100014,20630004,0,2,0
95,10000008,10000004,10000004,00000008,10000004,10000008,10000008,00000004,10000004,00100014,20630004,0,2,1
100,FFFFFFE0,10000028,10000008,00000009,10000028,FFFFFFE0,FFFFFFE0,10000028,10000008,00100015,1465FFF8,1,6,0
105,FFFFFFE0,10000028,10000008,00000009,10000028,FFFFFFE0,FFFFFFE0,10000028,10000008,00100015,1465FFF8,1,6,1
110,00000008,0000000A,10000008,00000008,0000000A,10000008,10000008,00000000,10000008,0010000E,8C610000,0,2,0
115,00000008,0000000A,10000008,00000008,0000000A,10000008,10000008,00000000,10000008,0010000E,8C610000,0,2,1
120,00000000,00000008,00000009,00000008,00000008,00000000,00000000,00000008,00000009,0010000F,00E1302A,4,7,0
125,00000000,00000008,00000009,00000008,00000008,00000000,00000000,00000008,00000009,0010000F,00E1302A,4,7,1
130,00000000,00000000,00000000,00000008,00000000,00000000,00000000,00000000,00000000,00100010,1CC00003,0,2,0
135,00000000,00000000,00000000,00000008,00000000,00000000,00000000,00000000,00000000,00100010,1CC00003,0,2,1
140,10000000,00000008,10000000,00000008,00000008,10000000,10000000,00000000,10000000,00100011,AC410000,0,2,0
145,10000000,00000008,10000000,00000008,00000008,10000000,10000000,00000000,10000000,00100011,AC410000,0,2,1
150,10000008,00000009,10000008,00000009,00000009,10000008,10000008,00000000,10000008,00100012,AC670000,0,2,0
155,10000008,00000009,10000008,00000009,00000009,10000008,10000008,00000000,10000008,00100012,AC670000,0,2,1
160,00000008,00000000,00000008,00000005,00000000,00000008,00000008,00000000,00000008,00100013,00203820,4,2,0
165,00000008,00000000,00000008,00000005,00000000,00000008,00000008,00000000,00000008,00100013,00203820,4,2,1
170,1000000C,10000008,10000008,00000007,10000008,1000000C,1000000C,00000004,10000008,00100014,20630004,0,2,0
175,1000000C,10000008,10000008,00000007,10000008,1000000C,1000000C,00000004,10000008,00100014,20630004,0,2,1
180,FFFFFFE4,10000028,1000000C,00000008,10000028,FFFFFFE4,FFFFFFE4,10000028,1000000C,00100015,1465FFF8,1,6,0
185,FFFFFFE4,10000028,1000000C,00000008,10000028,FFFFFFE4,FFFFFFE4,10000028,1000000C,00100015,1465FFF8,1,6,1
190,00000007,00000008,1000000C,00000007,00000008,1000000C,1000000C,00000000,1000000C,0010000E,8C610000,0,2,0
195,00000007,00000008,1000000C,00000007,00000008,1000000C,1000000C,00000000,1000000C,0010000E,8C610000,0,2,1
200,00000000,00000007,00000008,00000000,00000007,00000000,00000000,00000007,00000008,0010000F,00E1302A,4,7,0
205,00000000,00000007,00000008,00000000,00000007,00000000,00000000,00000007,00000008,0010000F,00E1302A,4,7,1
210,00000000,00000000,00000000,00000000,00000000,00000000,00000000,00000000,00000000,00100010,1CC00003,0,2,0
215,00000000,00000000,00000000,00000000,00000000,00000000,00000000,00000000,00000000,00100010,1CC00003,0,2,1
220,10000000,00000007,10000000,00000007,00000007,10000000,10000000,00000000,10000000,00100011,AC410000,0,2,0
225,10000000,00000007,10000000,00000007,00000007,10000000,10000000,00000000,10000000,00100011,AC410000,0,2,1
230,1000000C,00000008,1000000C,00000008,00000008,1000000C,1000000C,00000000,1000000C,00100012,AC670000,0,2,0
235,1000000C,00000008,1000000C,00000008,00000008,1000000C,1000000C,00000000,1000000C,00100012,AC670000,0,2,1
240,00000007,00000000,00000007,00000006,00000000,00000007,00000007,00000000,00000007,00100013,00203820,4,2,0
245,00000007,00000000,00000007,00000006,00000000,00000007,00000007,00000000,00000007,00100013,00203820,4,2,1
250,10000010,1000000C,1000000C,00000005,1000000C,10000010,10000010,00000004,1000000C,00100014,20630004,0,2,0
255,10000010,1000000C,1000000C,00000005,1000000C,10000010,10000010,00000004,1000000C,00100014,20630004,0,2,1
260,FFFFFFE8,10000028,10000010,00000000,10000028,FFFFFFE8,FFFFFFE8,10000028,10000010,00100015,1465FFF8,1,6,0
265,FFFFFFE8,10000028,10000010,00000000,10000028,FFFFFFE8,FFFFFFE8,10000028,10000010,00100015,1465FFF8,1,6,1
270,00000005,00000007,10000010,00000005,00000007,10000010,10000010,00000000,10000010,0010000E,8C610000,0,2,0
275,00000005,00000007,10000010,00000005,00000007,10000010,10000010,00000000,10000010,0010000E,8C610000,0,2,1
280,00000000,00000005,00000007,00000000,00000005,00000000,00000000,00000005,00000007,0010000F,00E1302A,4,7,0
285,00000000,00000005,00000007,00000000,00000005,00000000,00000000,00000005,00000007,0010000F,00E1302A,4,7,1
290,00000000,00000000,00000000,00000000,00000000,00000000,00000000,00000000,00000000,00100010,1CC00003,0,2,0
295,00000000,00000000,00000000,00000000,00000000,00000000,00000000,00000000,00000000,00100010,1CC00003,0,2,1
300,10000000,00000005,10000000,00000005,00000005,10000000,10000000,00000000,10000000,00100011,AC410000,0,2,0
305,10000000,00000005,10000000,00000005,00000005,10000000,10000000,00000000,10000000,00100011,AC410000,0,2,1
310,10000010,00000007,10000010,00000007,00000007,10000010,10000010,00000000,10000010,00100012,AC670000,0,2,0
315,10000010,00000007,10000010,00000007,00000007,10000010,10000010,00000000,10000010,00100012,AC670000,0,2,1
320,00000005,00000000,00000005,00000007,00000000,00000005,00000005,00000000,00000005,00100013,00203820,4,2,0
325,00000005,00000000,00000005,00000007,00000000,00000005,00000005,00000000,00000005,00100013,00203820,4,2,1
330,10000014,10000010,10000010,00000006,10000010,10000014,10000014,00000004,10000010,00100014,20630004,0,2,0
335,10000014,10000010,10000010,00000006,10000010,10000014,10000014,00000004,10000010,00100014,20630004,0,2,1
340,FFFFFFEC,10000028,10000014,00000000,10000028,FFFFFFEC,FFFFFFEC,10000028,10000014,00100015,1465FFF8,1,6,0
345,FFFFFFEC,10000028,10000014,00000000,10000028,FFFFFFEC,FFFFFFEC,10000028,10000014,00100015,1465FFF8,1,6,1
350,00000006,00000005,10000014,00000006,00000005,10000014,10000014,00000000,10000014,0010000E,8C610000,0,2,0
355,00000006,00000005,10000014,00000006,00000005,10000014,10000014,00000000,10000014,0010000E,8C610000,0,2,1
360,00000001,00000006,00000005,00000000,00000006,00000001,00000001,00000006,00000005,0010000F,00E1302A,4,7,0
365,00000001,00000006,00000005,00000000,00000006,00000001,00000001,00000006,00000005,0010000F,00E1302A,4,7,1
370,00000001,00000000,00000001,00000000,00000000,00000001,00000001,00000000,00000001,00100010,1CC00003,0,2,0
375,00000001,00000000,00000001,00000000,00000000,00000001,00000001,00000000,00000001,00100010,1CC00003,0,2,1
380,10000018,10000014,10000014,00000004,10000014,10000018,10000018,00000004,10000014,00100014,20630004,0,2,0
385,10000018,10000014,10000014,00000004,10000014,10000018,10000018,00000004,10000014,00100014,20630004,0,2,1
390,FFFFFFF0,10000028,10000018,00000000,10000028,FFFFFFF0,FFFFFFF0,10000028,10000018,00100015,1465FFF8,1,6,0
395,FFFFFFF0,10000028,10000018,00000000,10000028,FFFFFFF0,FFFFFFF0,10000028,10000018,00100015,1465FFF8,1,6,1
400,00000004,00000006,10000018,00000004,00000006,10000018,10000018,00000000,10000018,0010000E,8C610000,0,2,0
405,00000004,00000006,10000018,00000004,00000006,10000018,10000018,00000000,10000018,0010000E,8C610000,0,2,1
410,00000000,00000004,00000005,00000000,00000004,00000000,00000000,00000004,00000005,0010000F,00E1302A,4,7,0
415,00000000,00000004,00000005,00000000,00000004,00000000,00000000,00000004,00000005,0010000F,00E1302A,4,7,1
420,00000000,00000000,00000000,00000000,00000000,00000000,00000000,00000000,00000000,00100010,1CC00003,0,2,0
425,00000000,00000000,00000000,00000000,00000000,00000000,00000000,00000000,00000000,00100010,1CC00003,0,2,1
430,10000000,00000004,10000000,00000004,00000004,10000000,10000000,00000000,10000000,00100011,AC410000,0,2,0
435,10000000,00000004,10000000,00000004,00000004,10000000,10000000,00000000,10000000,00100011,AC410000,0,2,1
440,10000018,00000005,10000018,00000005,00000005,10000018,10000018,00000000,10000018,00100012,AC670000,0,2,0
445,10000018,00000005,10000018,00000005,00000005,10000018,10000018,00000000,10000018,00100012,AC670000,0,2,1
450,00000004,00000000,00000004,00000001,00000000,00000004,00000004,00000000,00000004,00100013,00203820,4,2,0
455,00000004,00000000,00000004,00000001,00000000,00000004,00000004,00000000,00000004,00100013,00203820,4,2,1
460,1000001C,10000018,10000018,00000001,10000018,1000001C,1000001C,00000004,10000018,00100014,20630004,0,2,0
465,1000001C,10000018,10000018,00000001,10000018,1000001C,1000001C,00000004,10000018,00100014,20630004,0,2,1
470,FFFFFFF4,10000028,1000001C,00000006,10000028,FFFFFFF4,FFFFFFF4,10000028,1000001C,00100015,1465FFF8,1,6,0
475,FFFFFFF4,10000028,1000001C,00000006,10000028,FFFFFFF4,FFFFFFF4,10000028,1000001C,00100015,1465FFF8,1,6,1
480,00000001,00000004,1000001C,00000001,00000004,1000001C,1000001C,00000000,1000001C,0010000E,8C610000,0,2,0
485,00000001,00000004,1000001C,00000001,00000004,1000001C,1000001C,00000000,1000001C,0010000E,8C610000,0,2,1
490,00000000,00000001,00000004,00000000,00000001,00000000,00000000,00000001,00000004,0010000F,00E1302A,4,7,0
495,00000000,00000001,00000004,00000000,00000001,00000000,00000000,00000001,00000004,0010000F,00E1302A,4,7,1
500,00000000,00000000,00000000,00000000,00000000,00000000,00000000,00000000,00000000,00100010,1CC00003,0,2,0
505,00000000,00000000,00000000,00000000,00000000,00000000,00000000,00000000,00000000,00100010,1CC00003,0,2,1
510,10000000,00000001,10000000,00000001,00000001,10000000,10000000,00000000,10000000,00100011,AC410000,0,2,0
515,10000000,00000001,10000000,00000001,00000001,10000000,10000000,00000000,10000000,00100011,AC410000,0,2,1
520,1000001C,00000004,1000001C,00000004,00000004,1000001C,1000001C,00000000,1000001C,00100012,AC670000,0,2,0
525,1000001C,00000004,1000001C,00000004,00000004,1000001C,1000001C,00000000,1000001C,00100012,AC670000,0,2,1
530,00000001,00000000,00000001,00000002,00000000,00000001,00000001,00000000,00000001,00100013,00203820,4,2,0
535,00000001,00000000,00000001,00000002,00000000,00000001,00000001,00000000,00000001,00100013,00203820,4,2,1
540,10000020,1000001C,1000001C,00000002,1000001C,10000020,10000020,00000004,1000001C,00100014,20630004,0,2,0
545,10000020,1000001C,1000001C,00000002,1000001C,10000020,10000020,00000004,1000001C,00100014,20630004,0,2,1
550,FFFFFFF8,10000028,10000020,00000000,10000028,FFFFFFF8,FFFFFFF8,10000028,10000020,00100015,1465FFF8,1,6,0
555,FFFFFFF8,10000028,10000020,00000000,10000028,FFFFFFF8,FFFFFFF8,10000028,10000020,00100015,1465FFF8,1,6,1
560,00000002,00000001,10000020,00000002,00000001,10000020,10000020,00000000,10000020,0010000E,8C610000,0,2,0
565,00000002,00000001,10000020,00000002,00000001,10000020,10000020,00000000,10000020,0010000E,8C610000,0,2,1
570,00000001,00000002,00000001,00000000,00000002,00000001,00000001,00000002,00000001,0010000F,00E1302A,4,7,0
575,00000001,00000002,00000001,00000000,00000002,00000001,00000001,00000002,00000001,0010000F,00E1302A,4,7,1
580,00000001,00000000,00000001,00000000,00000000,00000001,00000001,00000000,00000001,00100010,1CC00003,0,2,0
585,00000001,00000000,00000001,00000000,00000000,00000001,00000001,00000000,00000001,00100010,1CC00003,0,2,1
590,10000024,10000020,10000020,00000003,10000020,10000024,10000024,00000004,10000020,00100014,20630004,0,2,0
595,10000024,10000020,10000020,00000003,10000020,10000024,10000024,00000004,10000020,00100014,20630004,0,2,1
600,FFFFFFFC,10000028,10000024,00000000,10000028,FFFFFFFC,FFFFFFFC,10000028,10000024,00100015,1465FFF8,1,6,0
605,FFFFFFFC,10000028,10000024,00000000,10000028,FFFFFFFC,FFFFFFFC,10000028,10000024,00100015,1465FFF8,1,6,1
610,00000003,00000002,10000024,00000003,00000002,10000024,10000024,00000000,10000024,0010000E,8C610000,0,2,0
615,00000003,00000002,10000024,00000003,00000002,10000024,10000024,00000000,10000024,0010000E,8C610000,0,2,1
620,00000001,00000003,00000001,00000000,00000003,00000001,00000001,00000003,00000001,0010000F,00E1302A,4,7,0
625,00000001,00000003,00000001,00000000,00000003,00000001,00000001,00000003,00000001,0010000F,00E1302A,4,7,1
630,00000001,00000000,00000001,00000000,00000000,00000001,00000001,00000000,00000001,00100010,1CC00003,0,2,0
635,00000001,00000000,00000001,00000000,00000000,00000001,00000001,00000000,00000001,00100010,1CC00003,0,2,1
640,10000028,10000024,10000024,0000000A,10000024,10000028,10000028,00000004,10000024,00100014,20630004,0,2,0
645,10000028,10000024,10000024,0000000A,10000024,10000028,10000028,00000004,10000024,00100014,20630004,0,2,1
650,00000000,10000028,10000028,00000000,10000028,00000000,00000000,10000028,10000028,00100015,1465FFF8,1,6,0
655,00000000,10000028,10000028,00000000,10000028,00000000,00000000,10000028,10000028,00100015,1465FFF8,1,6,1
660,10000004,10000000,10000000,0000000A,10000000,10000004,10000004,00000004,10000000,00100016,20420004,0,2,0
665,10000004,10000000,10000000,0000000A,10000000,10000004,10000004,00000004,10000000,00100016,20420004,0,2,1
670,FFFFFFE0,10000024,10000004,00000000,10000024,FFFFFFE0,FFFFFFE0,10000024,10000004,00100017,1444FFF4,1,6,0
675,FFFFFFE0,10000024,10000004,00000000,10000024,FFFFFFE0,FFFFFFE0,10000024,10000004,00100017,1444FFF4,1,6,1
680,0000000A,00000001,10000004,0000000A,00000001,10000004,10000004,00000000,10000004,0010000C,8C470000,0,2,0
685,0000000A,00000001,10000004,0000000A,00000001,10000004,10000004,00000000,10000004,0010000C,8C470000,0,2,1
690,10000008,10000028,10000004,00000009,10000028,10000008,10000008,00000004,10000004,0010000D,20430004,0,2,0
695,10000008,10000028,10000004,00000009,10000028,10000008,10000008,00000004,10000004,0010000D,20430004,0,2,1
700,00000009,00000003,10000008,00000009,00000003,10000008,10000008,00000000,10000008,0010000E,8C610000,0,2,0
705,00000009,00000003,10000008,00000009,00000003,10000008,10000008,00000000,10000008,0010000E,8C610000,0,2,1
710,00000000,00000009,0000000A,00000000,00000009,00000000,00000000,00000009,0000000A,0010000F,00E1302A,4,7,0
715,00000000,00000009,0000000A,00000000,00000009,00000000,00000000,00000009,0000000A,0010000F,00E1302A,4,7,1
720,00000000,00000000,00000000,00000000,00000000,00000000,00000000,00000000,00000000,00100010,1CC00003,0,2,0
725,00000000,00000000,00000000,00000000,00000000,00000000,00000000,00000000,00000000,00100010,1CC00003,0,2,1
730,10000004,00000009,10000004,00000009,00000009,10000004,10000004,00000000,10000004,00100011,AC410000,0,2,0
735,10000004,00000009,10000004,00000009,00000009,10000004,10000004,00000000,10000004,00100011,AC410000,0,2,1
740,10000008,0000000A,10000008,0000000A,0000000A,10000008,10000008,00000000,10000008,00100012,AC670000,0,2,0
745,10000008,0000000A,10000008,0000000A,0000000A,10000008,10000008,00000000,10000008,00100012,AC670000,0,2,1
750,00000009,00000000,00000009,0000000A,00000000,00000009,00000009,00000000,00000009,00100013,00203820,4,2,0
755,00000009,00000000,00000009,0000000A,00000000,00000009,00000009,00000000,00000009,00100013,00203820,4,2,1
760,1000000C,10000008,10000008,00000008,10000008,1000000C,1000000C,00000004,10000008,00100014,20630004,0,2,0
765,1000000C,10000008,10000008,00000008,10000008,1000000C,1000000C,00000004,10000008,00100014,20630004,0,2,1
770,FFFFFFE4,10000028,1000000C,00000000,10000028,FFFFFFE4,FFFFFFE4,10000028,1000000C,00100015,1465FFF8,1,6,0
775,FFFFFFE4,10000028,1000000C,00000000,10000028,FFFFFFE4,FFFFFFE4,10000028,1000000C,00100015,1465FFF8,1,6,1
780,00000008,00000009,1000000C,00000008,00000009,1000000C,1000000C,00000000,1000000C,0010000E,8C610000,0,2,0
785,00000008,00000009,1000000C,00000008,00000009,1000000C,1000000C,00000000,1000000C,0010000E,8C610000,0,2,1
790,00000000,00000008,00000009,00000000,00000008,00000000,00000000,00000008,00000009,0010000F,00E1302A,4,7,0
795,00000000,00000008,00000009,00000000,00000008,00000000,00000000,00000008,00000009,0010000F,00E1302A,4,7,1
800,00000000,00000000,00000000,00000000,00000000,00000000,00000000,00000000,00000000,00100010,1CC00003,0,2,0
805,00000000,00000000,00000000,00000000,00000000,00000000,00000000,00000000,00000000,00100010,1CC00003,0,2,1
810,10000004,00000008,10000004,00000008,00000008,10000004,10000004,00000000,10000004,00100011,AC410000,0,2,0
815,10000004,00000008,10000004,00000008,00000008,10000004,10000004,00000000,10000004,00100011,AC410000,0,2,1
820,1000000C,00000009,1000000C,00000009,00000009,1000000C,1000000C,00000000,1000000C,00100012,AC670000,0,2,0
825,1000000C,00000009,1000000C,00000009,00000009,1000000C,1000000C,00000000,1000000C,00100012,AC670000,0,2,1
830,00000008,00000000,00000008,00000006,00000000,00000008,00000008,00000000,00000008,00100013,00203820,4,2,0
835,00000008,00000000,00000008,00000006,00000000,00000008,00000008,00000000,00000008,00100013,00203820,4,2,1
840,10000010,1000000C,1000000C,00000007,1000000C,10000010,10000010,00000004,1000000C,00100014,20630004,0,2,0
845,10000010,1000000C,1000000C,00000007,1000000C,10000010,10000010,00000004,1000000C,00100014,20630004,0,2,1
850,FFFFFFE8,10000028,10000010,00000008,10000028,FFFFFFE8,FFFFFFE8,10000028,10000010,00100015,1465FFF8,1,6,0
855,FFFFFFE8,10000028,10000010,00000008,10000028,FFFFFFE8,FFFFFFE8,10000028,10000010,00100015,1465FFF8,1,6,1
860,00000007,00000008,10000010,00000007,00000008,10000010,10000010,00000000,10000010,0010000E,8C610000,0,2,0
865,00000007,00000008,10000010,00000007,00000008,10000010,10000010,00000000,10000010,0010000E,8C610000,0,2,1
870,00000000,00000007,00000008,00000000,00000007,00000000,00000000,00000007,00000008,0010000F,00E1302A,4,7,0
875,00000000,00000007,00000008,00000000,00000007,00000000,00000000,00000007,00000008,0010000F,00E1302A,4,7,1
880,00000000,00000000,00000000,00000000,00000000,00000000,00000000,00000000,00000000,00100010,1CC00003,0,2,0
885,00000000,00000000,00000000,00000000,00000000,00000000,00000000,00000000,00000000,00100010,1CC00003,0,2,1
890,10000004,00000007,10000004,00000007,00000007,10000004,10000004,00000000,10000004,00100011,AC410000,0,2,0
895,10000004,00000007,10000004,00000007,00000007,10000004,10000004,00000000,10000004,00100011,AC410000,0,2,1
900,10000010,00000008,10000010,00000008,00000008,10000010,10000010,00000000,10000010,00100012,AC670000,0,2,0
905,10000010,00000008,10000010,00000008,00000008,10000010,10000010,00000000,10000010,00100012,AC670000,0,2,1
910,00000007,00000000,00000007,00000005,00000000,00000007,00000007,00000000,00000007,00100013,00203820,4,2,0
915,00000007,00000000,00000007,00000005,00000000,00000007,00000007,00000000,00000007,00100013,00203820,4,2,1
920,10000014,10000010,10000010,00000006,10000010,10000014,10000014,00000004,10000010,00100014,20630004,0,2,0
925,10000014,10000010,10000010,00000006,10000010,10000014,10000014,00000004,10000010,00100014,20630004,0,2,1
930,FFFFFFEC,10000028,10000014,00000000,10000028,FFFFFFEC,FFFFFFEC,10000028,10000014,00100015,1465FFF8,1,6,0
935,FFFFFFEC,10000028,10000014,00000000,10000028,FFFFFFEC,FFFFFFEC,10000028,10000014,00100015,1465FFF8,1,6,1
940,00000006,00000007,10000014,00000006,00000007,10000014,10000014,00000000,10000014,0010000E,8C610000,0,2,0
945,00000006,00000007,10000014,00000006,00000007,10000014,10000014,00000000,10000014,0010000E,8C610000,0,2,1
950,00000000,00000006,00000007,00000000,00000006,00000000,00000000,00000006,00000007,0010000F,00E1302A,4,7,0
955,00000000,00000006,00000007,00000000,00000006,00000000,00000000,00000006,00000007,0010000F,00E1302A,4,7,1
960,00000000,00000000,00000000,00000000,00000000,00000000,00000000,00000000,00000000,00100010,1CC00003,0,2,0
965,00000000,00000000,00000000,00000000,00000000,00000000,00000000,00000000,00000000,00100010,1CC00003,0,2,1
970,10000004,00000006,10000004,00000006,00000006,10000004,10000004,00000000,10000004,00100011,AC410000,0,2,0
975,10000004,00000006,10000004,00000006,00000006,10000004,10000004,00000000,10000004,00100011,AC410000,0,2,1
980,10000014,00000007,10000014,00000007,00000007,10000014,10000014,00000000,10000014,00100012,AC670000,0,2,0
985,10000014,00000007,10000014,00000007,00000007,10000014,10000014,00000000,10000014,00100012,AC670000,0,2,1
990,00000006,00000000,00000006,00000007,00000000,00000006,00000006,00000000,00000006,00100013,00203820,4,2,0
995,00000006,00000000,00000006,00000007,00000000,00000006,00000006,00000000,00000006,00100013,00203820,4,2,1
1000,10000018,10000014,10000014,00000005,10000014,10000018,10000018,00000004,10000014,00100014,20630004,0,2,0
1005,10000018,10000014,10000014,00000005,10000014,10000018,10000018,00000004,10000014,00100014,20630004,0,2,1
1010,FFFFFFF0,10000028,10000018,00000000,10000028,FFFFFFF0,FFFFFFF0,10000028,10000018,00100015,1465FFF8,1,6,0
1015,FFFFFFF0,10000028,10000018,00000000,10000028,FFFFFFF0,FFFFFFF0,10000028,10000018,00100015,1465FFF8,1,6,1
1020,00000005,00000006,10000018,00000005,00000006,10000018,10000018,00000000,10000018,0010000E,8C610000,0,2,0
1025,00000005,00000006,10000018,00000005,00000006,10000018,10000018,00000000,10000018,0010000E,8C610000,0,2,1
1030,00000000,00000005,00000006,00000000,00000005,00000000,00000000,00000005,00000006,0010000F,00E1302A,4,7,0
1035,00000000,00000005,00000006,00000000,00000005,00000000,00000000,00000005,00000006,0010000F,00E1302A,4,7,1
1040,00000000,00000000,00000000,00000000,00000000,00000000,00000000,00000000,00000000,00100010,1CC00003,0,2,0
1045,00000000,00000000,00000000,00000000,00000000,00000000,00000000,00000000,00000000,00100010,1CC00003,0,2,1
1050,10000004,00000005,10000004,00000005,00000005,10000004,10000004,00000000,10000004,00100011,AC410000,0,2,0
1055,10000004,00000005,10000004,00000005,00000005,10000004,10000004,00000000,10000004,00100011,AC410000,0,2,1
1060,10000018,00000006,10000018,00000006,00000006,10000018,10000018,00000000,10000018,00100012,AC670000,0,2,0
1065,10000018,00000006,10000018,00000006,00000006,10000018,10000018,00000000,10000018,00100012,AC670000,0,2,1
1070,00000005,00000000,00000005,00000006,00000000,00000005,00000005,00000000,00000005,00100013,00203820,4,2,0
1075,00000005,00000000,00000005,00000006,00000000,00000005,00000005,00000000,00000005,00100013,00203820,4,2,1
1080,1000001C,10000018,10000018,00000004,10000018,1000001C,1000001C,00000004,10000018,00100014,20630004,0,2,0
1085,1000001C,10000018,10000018,00000004,10000018,1000001C,1000001C,00000004,10000018,00100014,20630004,0,2,1
1090,FFFFFFF4,10000028,1000001C,00000000,10000028,FFFFFFF4,FFFFFFF4,10000028,1000001C,00100015,1465FFF8,1,6,0
1095,FFFFFFF4,10000028,1000001C,00000000,10000028,FFFFFFF4,FFFFFFF4,10000028,1000001C,00100015,1465FFF8,1,6,1
1100,00000004,00000005,1000001C,00000004,00000005,1000001C,1000001C,00000000,1000001C,0010000E,8C610000,0,2,0
1105,00000004,00000005,1000001C,00000004,00000005,1000001C,1000001C,00000000,1000001C,0010000E,8C610000,0,2,1
1110,00000000,00000004,00000005,00000000,00000004,00000000,00000000,00000004,00000005,0010000F,00E1302A,4,7,0
1115,00000000,00000004,00000005,00000000,00000004,00000000,00000000,00000004,00000005,0010000F,00E1302A,4,7,1
1120,00000000,00000000,00000000,00000000,00000000,00000000,00000000,00000000,00000000,00100010,1CC00003,0,2,0
1125,00000000,00000000,00000000,00000000,00000000,00000000,00000000,00000000,00000000,00100010,1CC00003,0,2,1
1130,10000004,00000004,10000004,00000004,00000004,10000004,10000004,00000000,10000004,00100011,AC410000,0,2,0
1135,10000004,00000004,10000004,00000004,00000004,10000004,10000004,00000000,10000004,00100011,AC410000,0,2,1
1140,1000001C,00000005,1000001C,00000005,00000005,1000001C,1000001C,00000000,1000001C,00100012,AC670000,0,2,0
1145,1000001C,00000005,1000001C,00000005,00000005,1000001C,1000001C,00000000,1000001C,00100012,AC670000,0,2,1
1150,00000004,00000000,00000004,00000002,00000000,00000004,00000004,00000000,00000004,00100013,00203820,4,2,0
1155,00000004,00000000,00000004,00000002,00000000,00000004,00000004,00000000,00000004,00100013,00203820,4,2,1
1160,10000020,1000001C,1000001C,00000002,1000001C,10000020,10000020,00000004,1000001C,00100014,20630004,0,2,0
1165,10000020,1000001C,1000001C,00000002,1000001C,10000020,10000020,00000004,1000001C,00100014,20630004,0,2,1
1170,FFFFFFF8,10000028,10000020,00000006,10000028,FFFFFFF8,FFFFFFF8,10000028,10000020,00100015,1465FFF8,1,6,0
1175,FFFFFFF8,10000028,10000020,00000006,10000028,FFFFFFF8,FFFFFFF8,10000028,10000020,00100015,1465FFF8,1,6,1
1180,00000002,00000004,10000020,00000002,00000004,10000020,10000020,00000000,10000020,0010000E,8C610000,0,2,0
1185,00000002,00000004,10000020,00000002,00000004,10000020,10000020,00000000,10000020,0010000E,8C610000,0,2,1
1190,00000000,00000002,00000004,00000000,00000002,00000000,00000000,00000002,00000004,0010000F,00E1302A,4,7,0
1195,00000000,00000002,00000004,00000000,00000002,00000000,00000000,00000002,00000004,0010000F,00E1302A,4,7,1
1200,00000000,00000000,00000000,00000000,00000000,00000000,00000000,00000000,00000000,00100010,1CC00003,0,2,0
1205,00000000,00000000,00000000,00000000,00000000,00000000,00000000,00000000,00000000,00100010,1CC00003,0,2,1
1210,10000004,00000002,10000004,00000002,00000002,10000004,10000004,00000000,10000004,00100011,AC410000,0,2,0
1215,10000004,00000002,10000004,00000002,00000002,10000004,10000004,00000000,10000004,00100011,AC410000,0,2,1
1220,10000020,00000004,10000020,00000004,00000004,10000020,10000020,00000000,10000020,00100012,AC670000,0,2,0
1225,10000020,00000004,10000020,00000004,00000004,10000020,10000020,00000000,10000020,00100012,AC670000,0,2,1
1230,00000002,00000000,00000002,00000003,00000000,00000002,00000002,00000000,00000002,00100013,00203820,4,2,0
1235,00000002,00000000,00000002,00000003,00000000,00000002,00000002,00000000,00000002,00100013,00203820,4,2,1
1240,10000024,10000020,10000020,00000003,10000020,10000024,10000024,00000004,10000020,00100014,20630004,0,2,0
1245,10000024,10000020,10000020,00000003,10000020,10000024,10000024,00000004,10000020,00100014,20630004,0,2,1
1250,FFFFFFFC,10000028,10000024,00000000,10000028,FFFFFFFC,FFFFFFFC,10000028,10000024,00100015,1465FFF8,1,6,0
1255,FFFFFFFC,10000028,10000024,00000000,10000028,FFFFFFFC,FFFFFFFC,10000028,10000024,00100015,1465FFF8,1,6,1
1260,00000003,00000002,10000024,00000003,00000002,10000024,10000024,00000000,10000024,0010000E,8C610000,0,2,0
1265,00000003,00000002,10000024,00000003,00000002,10000024,10000024,00000000,10000024,0010000E,8C610000,0,2,1
1270,00000001,00000003,00000002,00000000,00000003,00000001,00000001,00000003,00000002,0010000F,00E1302A,4,7,0
1275,00000001,00000003,00000002,00000000,00000003,00000001,00000001,00000003,00000002,0010000F,00E1302A,4,7,1
1280,00000001,00000000,00000001,00000000,00000000,00000001,00000001,00000000,00000001,00100010,1CC00003,0,2,0
1285,00000001,00000000,00000001,00000000,00000000,00000001,00000001,00000000,00000001,00100010,1CC00003,0,2,1
1290,10000028,10000024,10000024,0000000A,10000024,10000028,10000028,00000004,10000024,00100014,20630004,0,2,0
1295,10000028,10000024,10000024,0000000A,10000024,10000028,10000028,00000004,10000024,00100014,20630004,0,2,1
1300,00000000,10000028,10000028,00000000,10000028,00000000,00000000,10000028,10000028,00100015,1465FFF8,1,6,0
1305,00000000,10000028,10000028,00000000,10000028,00000000,00000000,10000028,10000028,00100015,1465FFF8,1,6,1
1310,10000008,10000004,10000004,0000000A,10000004,10000008,10000008,00000004,10000004,00100016,20420004,0,2,0
1315,10000008,10000004,10000004,0000000A,10000004,10000008,10000008,00000004,10000004,00100016,20420004,0,2,1
1320,FFFFFFE4,10000024,10000008,00000000,10000024,FFFFFFE4,FFFFFFE4,10000024,10000008,00100017,1444FFF4,1,6,0
1325,FFFFFFE4,10000024,10000008,00000000,10000024,FFFFFFE4,FFFFFFE4,10000024,10000008,00100017,1444FFF4,1,6,1
1330,0000000A,00000002,10000008,0000000A,00000002,10000008,10000008,00000000,10000008,0010000C,8C470000,0,2,0
1335,0000000A,00000002,10000008,0000000A,00000002,10000008,10000008,00000000,10000008,0010000C,8C470000,0,2,1
1340,1000000C,10000028,10000008,00000009,10000028,1000000C,1000000C,00000004,10000008,0010000D,20430004,0,2,0
1345,1000000C,10000028,10000008,00000009,10000028,1000000C,1000000C,00000004,10000008,0010000D,20430004,0,2,1
1350,00000009,00000003,1000000C,00000009,00000003,1000000C,1000000C,00000000,1000000C,0010000E,8C610000,0,2,0
1355,00000009,00000003,1000000C,00000009,00000003,1000000C,1000000C,00000000,1000000C,0010000E,8C610000,0,2,1
1360,00000000,00000009,0000000A,00000000,00000009,00000000,00000000,00000009,0000000A,0010000F,00E1302A,4,7,0
1365,00000000,00000009,0000000A,00000000,00000009,00000000,00000000,00000009,0000000A,0010000F,00E1302A,4,7,1
1370,00000000,00000000,00000000,00000000,00000000,00000000,00000000,00000000,00000000,00100010,1CC00003,0,2,0
1375,00000000,00000000,00000000,00000000,00000000,00000000,00000000,00000000,00000000,00100010,1CC00003,0,2,1
1380,10000008,00000009,10000008,00000009,00000009,10000008,10000008,00000000,10000008,00100011,AC410000,0,2,0
1385,10000008,00000009,10000008,00000009,00000009,10000008,10000008,00000000,10000008,00100011,AC410000,0,2,1
1390,1000000C,0000000A,1000000C,0000000A,0000000A,1000000C,1000000C,00000000,1000000C,00100012,AC670000,0,2,0
1395,1000000C,0000000A,1000000C,0000000A,0000000A,1000000C,1000000C,00000000,1000000C,00100012,AC670000,0,2,1
1400,00000009,00000000,00000009,0000000A,00000000,00000009,00000009,00000000,00000009,00100013,00203820,4,2,0
1405,00000009,00000000,00000009,0000000A,00000000,00000009,00000009,00000000,00000009,00100013,00203820,4,2,1
1410,10000010,1000000C,1000000C,00000008,1000000C,10000010,10000010,00000004,1000000C,00100014,20630004,0,2,0
1415,10000010,1000000C,1000000C,00000008,1000000C,10000010,10000010,00000004,1000000C,00100014,20630004,0,2,1
1420,FFFFFFE8,10000028,10000010,00000000,10000028,FFFFFFE8,FFFFFFE8,10000028,10000010,00100015,1465FFF8,1,6,0
1425,FFFFFFE8,10000028,10000010,00000000,10000028,FFFFFFE8,FFFFFFE8,10000028,10000010,00100015,1465FFF8,1,6,1
1430,00000008,00000009,10000010,00000008,00000009,10000010,10000010,00000000,10000010,0010000E,8C610000,0,2,0
1435,00000008,00000009,10000010,00000008,00000009,10000010,10000010,00000000,10000010,0010000E,8C610000,0,2,1
1440,00000000,00000008,00000009,00000000,00000008,00000000,00000000,00000008,00000009,0010000F,00E1302A,4,7,0
1445,00000000,00000008,00000009,00000000,00000008,00000000,00000000,00000008,00000009,0010000F,00E1302A,4,7,1
1450,00000000,00000000,00000000,00000000,00000000,00000000,00000000,00000000,00000000,00100010,1CC00003,0,2,0
1455,00000000,00000000,00000000,00000000,00000000,00000000,00000000,00000000,00000000,00100010,1CC00003,0,2,1
1460,10000008,00000008,10000008,00000008,00000008,10000008,10000008,00000000,10000008,00100011,AC410000,0,2,0
1465,10000008,00000008,10000008,00000008,00000008,10000008,10000008,00000000,10000008,00100011,AC410000,0,2,1
1470,10000010,00000009,10000010,00000009,00000009,10000010,10000010,00000000,10000010,00100012,AC670000,0,2,0
1475,10000010,00000009,10000010,00000009,00000009,10000010,10000010,00000000,10000010,00100012,AC670000,0,2,1
1480,00000008,00000000,00000008,00000006,00000000,00000008,00000008,00000000,00000008,00100013,00203820,4,2,0
1485,00000008,00000000,00000008,00000006,00000000,00000008,00000008,00000000,00000008,00100013,00203820,4,2,1
1490,10000014,10000010,10000010,00000007,10000010,10000014,10000014,00000004,10000010,00100014,20630004,0,2,0
1495,10000014,10000010,10000010,00000007,10000010,10000014,10000014,00000004,10000010,00100014,20630004,0,2,1
1500,FFFFFFEC,10000028,10000014,00000008,10000028,FFFFFFEC,FFFFFFEC,10000028,10000014,00100015,1465FFF8,1,6,0
1505,FFFFFFEC,10000028,10000014,00000008,10000028,FFFFFFEC,FFFFFFEC,10000028,10000014,00100015,1465FFF8,1,6,1
1510,00000007,00000008,10000014,00000007,00000008,10000014,10000014,00000000,10000014,0010000E,8C610000,0,2,0
1515,00000007,00000008,10000014,00000007,00000008,10000014,10000014,00000000,10000014,0010000E,8C610000,0,2,1
1520,00000000,00000007,00000008,00000000,00000007,00000000,00000000,00000007,00000008,0010000F,00E1302A,4,7,0
1525,00000000,00000007,00000008,00000000,00000007,00000000,00000000,00000007,00000008,0010000F,00E1302A,4,7,1
1530,00000000,00000000,00000000,00000000,00000000,00000000,00000000,00000000,00000000,00100010,1CC00003,0,2,0
1535,00000000,00000000,00000000,00000000,00000000,00000000,00000000,00000000,00000000,00100010,1CC00003,0,2,1
1540,10000008,00000007,10000008,00000007,00000007,10000008,10000008,00000000,10000008,00100011,AC410000,0,2,0
1545,10000008,00000007,10000008,00000007,00000007,10000008,10000008,00000000,10000008,00100011,AC410000,0,2,1
1550,10000014,00000008,10000014,00000008,00000008,10000014,10000014,00000000,10000014,00100012,AC670000,0,2,0
1555,10000014,00000008,10000014,00000008,00000008,10000014,10000014,00000000,10000014,00100012,AC670000,0,2,1
1560,00000007,00000000,00000007,00000005,00000000,00000007,00000007,00000000,00000007,00100013,00203820,4,2,0
1565,00000007,00000000,00000007,00000005,00000000,00000007,00000007,00000000,00000007,00100013,00203820,4,2,1
1570,10000018,10000014,10000014,00000006,10000014,10000018,10000018,00000004,10000014,00100014,20630004,0,2,0
1575,10000018,10000014,10000014,00000006,10000014,10000018,10000018,00000004,10000014,00100014,20630004,0,2,1
1580,FFFFFFF0,10000028,10000018,00000000,10000028,FFFFFFF0,FFFFFFF0,10000028,10000018,00100015,1465FFF8,1,6,0
1585,FFFFFFF0,10000028,10000018,00000000,10000028,FFFFFFF0,FFFFFFF0,10000028,10000018,00100015,1465FFF8,1,6,1
1590,00000006,00000007,10000018,00000006,00000007,10000018,10000018,00000000,10000018,0010000E,8C610000,0,2,0
1595,00000006,00000007,10000018,00000006,00000007,10000018,10000018,00000000,10000018,0010000E,8C610000,0,2,1
1600,00000000,00000006,00000007,00000000,00000006,00000000,00000000,00000006,00000007,0010000F,00E1302A,4,7,0
1605,00000000,00000006,00000007,00000000,00000006,00000000,00000000,00000006,00000007,0010000F,00E1302A,4,7,1
1610,00000000,00000000,00000000,00000000,00000000,00000000,00000000,00000000,00000000,00100010,1CC00003,0,2,0
1615,00000000,00000000,00000000,00000000,00000000,00000000,00000000,00000000,00000000,00100010,1CC00003,0,2,1
1620,10000008,00000006,10000008,00000006,00000006,10000008,10000008,00000000,10000008,00100011,AC410000,0,2,0
1625,10000008,00000006,10000008,00000006,00000006,10000008,10000008,00000000,10000008,00100011,AC410000,0,2,1
1630,10000018,00000007,10000018,00000007,00000007,10000018,10000018,00000000,10000018,00100012,AC670000,0,2,0
1635,10000018,00000007,10000018,00000007,00000007,10000018,10000018,00000000,10000018,00100012,AC670000,0,2,1
1640,00000006,00000000,00000006,00000007,00000000,00000006,00000006,00000000,00000006,00100013,00203820,4,2,0
1645,00000006,00000000,00000006,00000007,00000000,00000006,00000006,00000000,00000006,00100013,00203820,4,2,1
1650,1000001C,10000018,10000018,00000005,10000018,1000001C,1000001C,00000004,10000018,00100014,20630004,0,2,0
1655,1000001C,10000018,10000018,00000005,10000018,1000001C,1000001C,00000004,10000018,00100014,20630004,0,2,1
1660,FFFFFFF4,10000028,1000001C,00000000,10000028,FFFFFFF4,FFFFFFF4,10000028,1000001C,00100015,1465FFF8,1,6,0
1665,FFFFFFF4,10000028,1000001C,00000000,10000028,FFFFFFF4,FFFFFFF4,10000028,1000001C,00100015,1465FFF8,1,6,1
1670,00000005,00000006,1000001C,00000005,00000006,1000001C,1000001C,00000000,1000001C,0010000E,8C610000,0,2,0
1675,00000005,00000006,1000001C,00000005,00000006,1000001C,1000001C,00000000,1000001C,0010000E,8C610000,0,2,1
1680,00000000,00000005,00000006,00000000,00000005,00000000,00000000,00000005,00000006,0010000F,00E1302A,4,7,0
1685,00000000,00000005,00000006,00000000,00000005,00000000,00000000,00000005,00000006,0010000F,00E1302A,4,7,1
1690,00000000,00000000,00000000,00000000,00000000,00000000,00000000,00000000,00000000,00100010,1CC00003,0,2,0
1695,00000000,00000000,00000000,00000000,00000000,00000000,00000000,00000000,00000000,00100010,1CC00003,0,2,1
1700,10000008,00000005,10000008,00000005,00000005,10000008,10000008,00000000,10000008,00100011,AC410000,0,2,0
1705,10000008,00000005,10000008,00000005,00000005,10000008,10000008,00000000,10000008,00100011,AC410000,0,2,1
1710,1000001C,00000006,1000001C,00000006,00000006,1000001C,1000001C,00000000,1000001C,00100012,AC670000,0,2,0
1715,1000001C,00000006,1000001C,00000006,00000006,1000001C,1000001C,00000000,1000001C,00100012,AC670000,0,2,1
1720,00000005,00000000,00000005,00000006,00000000,00000005,00000005,00000000,00000005,00100013,00203820,4,2,0
1725,00000005,00000000,00000005,00000006,00000000,00000005,00000005,00000000,00000005,00100013,00203820,4,2,1
1730,10000020,1000001C,1000001C,00000004,1000001C,10000020,10000020,00000004,1000001C,00100014,20630004,0,2,0
1735,10000020,1000001C,1000001C,00000004,1000001C,10000020,10000020,00000004,1000001C,00100014,20630004,0,2,1
1740,FFFFFFF8,10000028,10000020,00000000,10000028,FFFFFFF8,FFFFFFF8,10000028,10000020,00100015,1465FFF8,1,6,0
1745,FFFFFFF8,10000028,10000020,00000000,10000028,FFFFFFF8,FFFFFFF8,10000028,10000020,00100015,1465FFF8,1,6,1
1750,00000004,00000005,10000020,00000004,00000005,10000020,10000020,00000000,10000020,0010000E,8C610000,0,2,0
1755,00000004,00000005,10000020,00000004,00000005,10000020,10000020,00000000,10000020,0010000E,8C610000,0,2,1
1760,00000000,00000004,00000005,00000000,00000004,00000000,00000000,00000004,00000005,0010000F,00E1302A,4,7,0
1765,00000000,00000004,00000005,00000000,00000004,00000000,00000000,00000004,00000005,0010000F,00E1302A,4,7,1
1770,00000000,00000000,00000000,00000000,00000000,00000000,00000000,00000000,00000000,00100010,1CC00003,0,2,0
1775,00000000,00000000,00000000,00000000,00000000,00000000,00000000,00000000,00000000,00100010,1CC00003,0,2,1
1780,10000008,00000004,10000008,00000004,00000004,10000008,10000008,00000000,10000008,00100011,AC410000,0,2,0
1785,10000008,00000004,10000008,00000004,00000004,10000008,10000008,00000000,10000008,00100011,AC410000,0,2,1
1790,10000020,00000005,10000020,00000005,00000005,10000020,10000020,00000000,10000020,00100012,AC670000,0,2,0
1795,10000020,00000005,10000020,00000005,00000005,10000020,10000020,00000000,10000020,00100012,AC670000,0,2,1
1800,00000004,00000000,00000004,00000003,00000000,00000004,00000004,00000000,00000004,00100013,00203820,4,2,0
1805,00000004,00000000,00000004,00000003,00000000,00000004,00000004,00000000,00000004,00100013,00203820,4,2,1
1810,10000024,10000020,10000020,00000003,10000020,10000024,10000024,00000004,10000020,00100014,20630004,0,2,0
1815,10000024,10000020,10000020,00000003,10000020,10000024,10000024,00000004,10000020,00100014,20630004,0,2,1
1820,FFFFFFFC,10000028,10000024,00000006,10000028,FFFFFFFC,FFFFFFFC,10000028,10000024,00100015,1465FFF8,1,6,0
1825,FFFFFFFC,10000028,10000024,00000006,10000028,FFFFFFFC,FFFFFFFC,10000028,10000024,00100015,1465FFF8,1,6,1
1830,00000003,00000004,10000024,00000003,00000004,10000024,10000024,00000000,10000024,0010000E,8C610000,0,2,0
1835,00000003,00000004,10000024,00000003,00000004,10000024,10000024,00000000,10000024,0010000E,8C610000,0,2,1
1840,00000000,00000003,00000004,00000000,00000003,00000000,00000000,00000003,00000004,0010000F,00E1302A,4,7,0
1845,00000000,00000003,00000004,00000000,00000003,00000000,00000000,00000003,00000004,0010000F,00E1302A,4,7,1
1850,00000000,00000000,00000000,00000000,00000000,00000000,00000000,00000000,00000000,00100010,1CC00003,0,2,0
1855,00000000,00000000,00000000,00000000,00000000,00000000,00000000,00000000,00000000,00100010,1CC00003,0,2,1
1860,10000008,00000003,10000008,00000003,00000003,10000008,10000008,00000000,10000008,00100011,AC410000,0,2,0
1865,10000008,00000003,10000008,00000003,00000003,10000008,10000008,00000000,10000008,00100011,AC410000,0,2,1
1870,10000024,00000004,10000024,00000004,00000004,10000024,10000024,00000000,10000024,00100012,AC670000,0,2,0
1875,10000024,00000004,10000024,00000004,00000004,10000024,10000024,00000000,10000024,00100012,AC670000,0,2,1
1880,00000003,00000000,00000003,00000000,00000000,00000003,00000003,00000000,00000003,00100013,00203820,4,2,0
1885,00000003,00000000,00000003,00000000,00000000,00000003,00000003,00000000,00000003,00100013,00203820,4,2,1
1890,10000028,10000024,10000024,00000000,10000024,10000028,10000028,00000004,10000024,00100014,20630004,0,2,0
1895,10000028,10000024,10000024,00000000,10000024,10000028,10000028,00000004,10000024,00100014,20630004,0,2,1
1900,00000000,10000028,10000028,00000000,10000028,00000000,00000000,10000028,10000028,00100015,1465FFF8,1,6,0
1905,00000000,10000028,10000028,00000000,10000028,00000000,00000000,10000028,10000028,00100015,1465FFF8,1,6,1
1910,1000000C,10000008,10000008,0000000A,10000008,1000000C,1000000C,00000004,10000008,00100016,20420004,0,2,0
1915,1000000C,10000008,10000008,0000000A,10000008,1000000C,1000000C,00000004,10000008,00100016,20420004,0,2,1
1920,FFFFFFE8,10000024,1000000C,00000003,10000024,FFFFFFE8,FFFFFFE8,10000024,1000000C,00100017,1444FFF4,1,6,0
1925,FFFFFFE8,10000024,1000000C,00000003,10000024,FFFFFFE8,FFFFFFE8,10000024,1000000C,00100017,1444FFF4,1,6,1
1930,0000000A,00000003,1000000C,0000000A,00000003,1000000C,1000000C,00000000,1000000C,0010000C,8C470000,0,2,0
1935,0000000A,00000003,1000000C,0000000A,00000003,1000000C,1000000C,00000000,1000000C,0010000C,8C470000,0,2,1
1940,10000010,10000028,1000000C,00000009,10000028,10000010,10000010,00000004,1000000C,0010000D,20430004,0,2,0
1945,10000010,10000028,1000000C,00000009,10000028,10000010,10000010,00000004,1000000C,0010000D,20430004,0,2,1
1950,00000009,00000003,10000010,00000009,00000003,10000010,10000010,00000000,10000010,0010000E,8C610000,0,2,0
1955,00000009,00000003,10000010,00000009,00000003,10000010,10000010,00000000,10000010,0010000E,8C610000,0,2,1
1960,00000000,00000009,0000000A,00000000,00000009,00000000,00000000,00000009,0000000A,0010000F,00E1302A,4,7,0
1965,00000000,00000009,0000000A,00000000,00000009,00000000,00000000,00000009,0000000A,0010000F,00E1302A,4,7,1
1970,00000000,00000000,00000000,00000000,00000000,00000000,00000000,00000000,00000000,00100010,1CC00003,0,2,0
1975,00000000,00000000,00000000,00000000,00000000,00000000,00000000,00000000,00000000,00100010,1CC00003,0,2,1
1980,1000000C,00000009,1000000C,00000009,00000009,1000000C,1000000C,00000000,1000000C,00100011,AC410000,0,2,0
1985,1000000C,00000009,1000000C,00000009,00000009,1000000C,1000000C,00000000,1000000C,00100011,AC410000,0,2,1
1990,10000010,0000000A,10000010,0000000A,0000000A,10000010,10000010,00000000,10000010,00100012,AC670000,0,2,0
1995,10000010,0000000A,10000010,0000000A,0000000A,10000010,10000010,00000000,10000010,00100012,AC670000,0,2,1
2000,00000009,00000000,00000009,0000000A,00000000,00000009,00000009,00000000,00000009,00100013,00203820,4,2,0
2005,00000009,00000000,00000009,0000000A,00000000,00000009,00000009,00000000,00000009,00100013,00203820,4,2,1
2010,10000014,10000010,10000010,00000008,10000010,10000014,10000014,00000004,10000010,00100014,20630004,0,2,0
2015,10000014,10000010,10000010,00000008,10000010,10000014,10000014,00000004,10000010,00100014,20630004,0,2,1
2020,FFFFFFEC,10000028,10000014,00000000,10000028,FFFFFFEC,FFFFFFEC,10000028,10000014,00100015,1465FFF8,1,6,0
2025,FFFFFFEC,10000028,10000014,00000000,10000028,FFFFFFEC,FFFFFFEC,10000028,10000014,00100015,1465FFF8,1,6,1
2030,00000008,00000009,10000014,00000008,00000009,10000014,10000014,00000000,10000014,0010000E,8C610000,0,2,0
2035,00000008,00000009,10000014,00000008,00000009,10000014,10000014,00000000,10000014,0010000E,8C610000,0,2,1
2040,00000000,00000008,00000009,00000000,00000008,00000000,00000000,00000008,00000009,0010000F,00E1302A,4,7,0
2045,00000000,00000008,00000009,00000000,00000008,00000000,00000000,00000008,00000009,0010000F,00E1302A,4,7,1
2050,00000000,00000000,00000000,00000000,00000000,00000000,00000000,00000000,00000000,00100010,1CC00003,0,2,0
2055,00000000,00000000,00000000,00000000,00000000,00000000,00000000,00000000,00000000,00100010,1CC00003,0,2,1
2060,1000000C,00000008,1000000C,00000008,00000008,1000000C,1000000C,00000000,1000000C,00100011,AC410000,0,2,0
2065,1000000C,00000008,1000000C,00000008,00000008,1000000C,1000000C,00000000,1000000C,00100011,AC410000,0,2,1
2070,10000014,00000009,10000014,00000009,00000009,10000014,10000014,00000000,10000014,00100012,AC670000,0,2,0
2075,10000014,00000009,10000014,00000009,00000009,10000014,10000014,00000000,10000014,00100012,AC670000,0,2,1
2080,00000008,00000000,00000008,00000006,00000000,00000008,00000008,00000000,00000008,00100013,00203820,4,2,0
2085,00000008,00000000,00000008,00000006,00000000,00000008,00000008,00000000,00000008,00100013,00203820,4,2,1
2090,10000018,10000014,10000014,00000007,10000014,10000018,10000018,00000004,10000014,00100014,20630004,0,2,0
2095,10000018,10000014,10000014,00000007,10000014,10000018,10000018,00000004,10000014,00100014,20630004,0,2,1
2100,FFFFFFF0,10000028,10000018,00000008,10000028,FFFFFFF0,FFFFFFF0,10000028,10000018,00100015,1465FFF8,1,6,0
2105,FFFFFFF0,10000028,10000018,00000008,10000028,FFFFFFF0,FFFFFFF0,10000028,10000018,00100015,1465FFF8,1,6,1
2110,00000007,00000008,10000018,00000007,00000008,10000018,10000018,00000000,10000018,0010000E,8C610000,0,2,0
2115,00000007,00000008,10000018,00000007,00000008,10000018,10000018,00000000,10000018,0010000E,8C610000,0,2,1
2120,00000000,00000007,00000008,00000000,00000007,00000000,00000000,00000007,00000008,0010000F,00E1302A,4,7,0
2125,00000000,00000007,00000008,00000000,00000007,00000000,00000000,00000007,00000008,0010000F,00E1302A,4,7,1
2130,00000000,00000000,00000000,00000000,00000000,00000000,00000000,00000000,00000000,00100010,1CC00003,0,2,0
2135,00000000,00000000,00000000,00000000,00000000,00000000,00000000,00000000,00000000,00100010,1CC00003,0,2,1
2140,1000000C,00000007,1000000C,00000007,00000007,1000000C,1000000C,00000000,1000000C,00100011,AC410000,0,2,0
2145,1000000C,00000007,1000000C,00000007,00000007,1000000C,1000000C,00000000,1000000C,00100011,AC410000,0,2,1
2150,10000018,00000008,10000018,00000008,00000008,10000018,10000018,00000000,10000018,00100012,AC670000,0,2,0
2155,10000018,00000008,10000018,00000008,00000008,10000018,10000018,00000000,10000018,00100012,AC670000,0,2,1
2160,00000007,00000000,00000007,00000005,00000000,00000007,00000007,00000000,00000007,00100013,00203820,4,2,0
2165,00000007,00000000,00000007,00000005,00000000,00000007,00000007,00000000,00000007,00100013,00203820,4,2,1
2170,1000001C,10000018,10000018,00000006,10000018,1000001C,1000001C,00000004,10000018,00100014,20630004,0,2,0
2175,1000001C,10000018,10000018,00000006,10000018,1000001C,1000001C,00000004,10000018,00100014,20630004,0,2,1
2180,FFFFFFF4,10000028,1000001C,00000000,10000028,FFFFFFF4,FFFFFFF4,10000028,1000001C,00100015,1465FFF8,1,6,0
2185,FFFFFFF4,10000028,1000001C,00000000,10000028,FFFFFFF4,FFFFFFF4,10000028,1000001C,00100015,1465FFF8,1,6,1
2190,00000006,00000007,1000001C,00000006,00000007,1000001C,1000001C,00000000,1000001C,0010000E,8C610000,0,2,0
2195,00000006,00000007,1000001C,00000006,00000007,1000001C,1000001C,00000000,1000001C,0010000E,8C610000,0,2,1
2200,00000000,00000006,00000007,00000000,00000006,00000000,00000000,00000006,00000007,0010000F,00E1302A,4,7,0
2205,00000000,00000006,00000007,00000000,00000006,00000000,00000000,00000006,00000007,0010000F,00E1302A,4,7,1
2210,00000000,00000000,00000000,00000000,00000000,00000000,00000000,00000000,00000000,00100010,1CC00003,0,2,0
2215,00000000,00000000,00000000,00000000,00000000,00000000,00000000,00000000,00000000,00100010,1CC00003,0,2,1
2220,1000000C,00000006,1000000C,00000006,00000006,1000000C,1000000C,00000000,1000000C,00100011,AC410000,0,2,0
2225,1000000C,00000006,1000000C,00000006,00000006,1000000C,1000000C,00000000,1000000C,00100011,AC410000,0,2,1
2230,1000001C,00000007,1000001C,00000007,00000007,1000001C,1000001C,00000000,1000001C,00100012,AC670000,0,2,0
2235,1000001C,00000007,1000001C,00000007,00000007,1000001C,1000001C,00000000,1000001C,00100012,AC670000,0,2,1
2240,00000006,00000000,00000006,00000007,00000000,00000006,00000006,00000000,00000006,00100013,00203820,4,2,0
2245,00000006,00000000,00000006,00000007,00000000,00000006,00000006,00000000,00000006,00100013,00203820,4,2,1
2250,10000020,1000001C,1000001C,00000005,1000001C,10000020,10000020,00000004,1000001C,00100014,20630004,0,2,0
2255,10000020,1000001C,1000001C,00000005,1000001C,10000020,10000020,00000004,1000001C,00100014,20630004,0,2,1
2260,FFFFFFF8,10000028,10000020,00000000,10000028,FFFFFFF8,FFFFFFF8,10000028,10000020,00100015,1465FFF8,1,6,0
2265,FFFFFFF8,10000028,10000020,00000000,10000028,FFFFFFF8,FFFFFFF8,10000028,10000020,00100015,1465FFF8,1,6,1
2270,00000005,00000006,10000020,00000005,00000006,10000020,10000020,00000000,10000020,0010000E,8C610000,0,2,0
2275,00000005,00000006,10000020,00000005,00000006,10000020,10000020,00000000,10000020,0010000E,8C610000,0,2,1
2280,00000000,00000005,00000006,00000000,00000005,00000000,00000000,00000005,00000006,0010000F,00E1302A,4,7,0
2285,00000000,00000005,00000006,00000000,00000005,00000000,00000000,00000005,00000006,0010000F,00E1302A,4,7,1
2290,00000000,00000000,00000000,00000000,00000000,00000000,00000000,00000000,00000000,00100010,1CC00003,0,2,0
2295,00000000,00000000,00000000,00000000,00000000,00000000,00000000,00000000,00000000,00100010,1CC00003,0,2,1
2300,1000000C,00000005,1000000C,00000005,00000005,1000000C,1000000C,00000000,1000000C,00100011,AC410000,0,2,0
2305,1000000C,00000005,1000000C,00000005,00000005,1000000C,1000000C,00000000,1000000C,00100011,AC410000,0,2,1
2310,10000020,00000006,10000020,00000006,00000006,10000020,10000020,00000000,10000020,00100012,AC670000,0,2,0
2315,10000020,00000006,10000020,00000006,00000006,10000020,10000020,00000000,10000020,00100012,AC670000,0,2,1
2320,00000005,00000000,00000005,00000006,00000000,00000005,00000005,00000000,00000005,00100013,00203820,4,2,0
2325,00000005,00000000,00000005,00000006,00000000,00000005,00000005,00000000,00000005,00100013,00203820,4,2,1
2330,10000024,10000020,10000020,00000004,10000020,10000024,10000024,00000004,10000020,00100014,20630004,0,2,0
2335,10000024,10000020,10000020,00000004,10000020,10000024,10000024,00000004,10000020,00100014,20630004,0,2,1
2340,FFFFFFFC,10000028,10000024,00000000,10000028,FFFFFFFC,FFFFFFFC,10000028,10000024,00100015,1465FFF8,1,6,0
2345,FFFFFFFC,10000028,10000024,00000000,10000028,FFFFFFFC,FFFFFFFC,10000028,10000024,00100015,1465FFF8,1,6,1
2350,00000004,00000005,10000024,00000004,00000005,10000024,10000024,00000000,10000024,0010000E,8C610000,0,2,0
2355,00000004,00000005,10000024,00000004,00000005,10000024,10000024,00000000,10000024,0010000E,8C610000,0,2,1
2360,00000000,00000004,00000005,00000000,00000004,00000000,00000000,00000004,00000005,0010000F,00E1302A,4,7,0
2365,00000000,00000004,00000005,00000000,00000004,00000000,00000000,00000004,00000005,0010000F,00E1302A,4,7,1
2370,00000000,00000000,00000000,00000000,00000000,00000000,00000000,00000000,00000000,00100010,1CC00003,0,2,0
2375,00000000,00000000,00000000,00000000,00000000,00000000,00000000,00000000,00000000,00100010,1CC00003,0,2,1
2380,1000000C,00000004,1000000C,00000004,00000004,1000000C,1000000C,00000000,1000000C,00100011,AC410000,0,2,0
2385,1000000C,00000004,1000000C,00000004,00000004,1000000C,1000000C,00000000,1000000C,00100011,AC410000,0,2,1
2390,10000024,00000005,10000024,00000005,00000005,10000024,10000024,00000000,10000024,00100012,AC670000,0,2,0
2395,10000024,00000005,10000024,00000005,00000005,10000024,10000024,00000000,10000024,00100012,AC670000,0,2,1
2400,00000004,00000000,00000004,00000005,00000000,00000004,00000004,00000000,00000004,00100013,00203820,4,2,0
2405,00000004,00000000,00000004,00000005,00000000,00000004,00000004,00000000,00000004,00100013,00203820,4,2,1
2410,10000028,10000024,10000024,00000005,10000024,10000028,10000028,00000004,10000024,00100014,20630004,0,2,0
2415,10000028,10000024,10000024,00000005,10000024,10000028,10000028,00000004,10000024,00100014,20630004,0,2,1
2420,00000000,10000028,10000028,00000000,10000028,00000000,00000000,10000028,10000028,00100015,1465FFF8,1,6,0
2425,00000000,10000028,10000028,00000000,10000028,00000000,00000000,10000028,10000028,00100015,1465FFF8,1,6,1
2430,10000010,1000000C,1000000C,0000000A,1000000C,10000010,10000010,00000004,1000000C,00100016,20420004,0,2,0
2435,10000010,1000000C,1000000C,0000000A,1000000C,10000010,10000010,00000004,1000000C,00100016,20420004,0,2,1
2440,FFFFFFEC,10000024,10000010,00000004,10000024,FFFFFFEC,FFFFFFEC,10000024,10000010,00100017,1444FFF4,1,6,0
2445,FFFFFFEC,10000024,10000010,00000004,10000024,FFFFFFEC,FFFFFFEC,10000024,10000010,00100017,1444FFF4,1,6,1
2450,0000000A,00000004,10000010,0000000A,00000004,10000010,10000010,00000000,10000010,0010000C,8C470000,0,2,0
2455,0000000A,00000004,10000010,0000000A,00000004,10000010,10000010,00000000,10000010,0010000C,8C470000,0,2,1
2460,10000014,10000028,10000010,00000009,10000028,10000014,10000014,00000004,10000010,0010000D,20430004,0,2,0
2465,10000014,10000028,10000010,00000009,10000028,10000014,10000014,00000004,10000010,0010000D,20430004,0,2,1
2470,00000009,00000004,10000014,00000009,00000004,10000014,10000014,00000000,10000014,0010000E,8C610000,0,2,0
2475,00000009,00000004,10000014,00000009,00000004,10000014,10000014,00000000,10000014,0010000E,8C610000,0,2,1
2480,00000000,00000009,0000000A,00000000,00000009,00000000,00000000,00000009,0000000A,0010000F,00E1302A,4,7,0
2485,00000000,00000009,0000000A,00000000,00000009,00000000,00000000,00000009,0000000A,0010000F,00E1302A,4,7,1
2490,00000000,00000000,00000000,00000000,00000000,00000000,00000000,00000000,00000000,00100010,1CC00003,0,2,0
2495,00000000,00000000,00000000,00000000,00000000,00000000,00000000,00000000,00000000,00100010,1CC00003,0,2,1
2500,10000010,00000009,10000010,00000009,00000009,10000010,10000010,00000000,10000010,00100011,AC410000,0,2,0
2505,10000010,00000009,10000010,00000009,00000009,10000010,10000010,00000000,10000010,00100011,AC410000,0,2,1
2510,10000014,0000000A,10000014,0000000A,0000000A,10000014,10000014,00000000,10000014,00100012,AC670000,0,2,0
2515,10000014,0000000A,10000014,0000000A,0000000A,10000014,10000014,00000000,10000014,00100012,AC670000,0,2,1
2520,00000009,00000000,00000009,0000000A,00000000,00000009,00000009,00000000,00000009,00100013,00203820,4,2,0
2525,00000009,00000000,00000009,0000000A,00000000,00000009,00000009,00000000,00000009,00100013,00203820,4,2,1
2530,10000018,10000014,10000014,00000008,10000014,10000018,10000018,00000004,10000014,00100014,20630004,0,2,0
2535,10000018,10000014,10000014,00000008,10000014,10000018,10000018,00000004,10000014,00100014,20630004,0,2,1
2540,FFFFFFF0,10000028,10000018,00000000,10000028,FFFFFFF0,FFFFFFF0,10000028,10000018,00100015,1465FFF8,1,6,0
2545,FFFFFFF0,10000028,10000018,00000000,10000028,FFFFFFF0,FFFFFFF0,10000028,10000018,00100015,1465FFF8,1,6,1
2550,00000008,00000009,10000018,00000008,00000009,10000018,10000018,00000000,10000018,0010000E,8C610000,0,2,0
2555,00000008,00000009,10000018,00000008,00000009,10000018,10000018,00000000,10000018,0010000E,8C610000,0,2,1
2560,00000000,00000008,00000009,00000000,00000008,00000000,00000000,00000008,00000009,0010000F,00E1302A,4,7,0
2565,00000000,00000008,00000009,00000000,00000008,00000000,00000000,00000008,00000009,0010000F,00E1302A,4,7,1
2570,00000000,00000000,00000000,00000000,00000000,00000000,00000000,00000000,00000000,00100010,1CC00003,0,2,0
2575,00000000,00000000,00000000,00000000,00000000,00000000,00000000,00000000,00000000,00100010,1CC00003,0,2,1
2580,10000010,00000008,10000010,00000008,00000008,10000010,10000010,00000000,10000010,00100011,AC410000,0,2,0
2585,10000010,00000008,10000010,00000008,00000008,10000010,10000010,00000000,10000010,00100011,AC410000,0,2,1
2590,10000018,00000009,10000018,00000009,00000009,10000018,10000018,00000000,10000018,00100012,AC670000,0,2,0
2595,10000018,00000009,10000018,00000009,00000009,10000018,10000018,00000000,10000018,00100012,AC670000,0,2,1
2600,00000008,00000000,00000008,00000006,00000000,00000008,00000008,00000000,00000008,00100013,00203820,4,2,0
2605,00000008,00000000,00000008,00000006,00000000,00000008,00000008,00000000,00000008,00100013,00203820,4,2,1
2610,1000001C,10000018,10000018,00000007,10000018,1000001C,1000001C,00000004,10000018,00100014,20630004,0,2,0
2615,1000001C,10000018,10000018,00000007,10000018,1000001C,1000001C,00000004,10000018,00100014,20630004,0,2,1
2620,FFFFFFF4,10000028,1000001C,00000008,10000028,FFFFFFF4,FFFFFFF4,10000028,1000001C,00100015,1465FFF8,1,6,0
2625,FFFFFFF4,10000028,1000001C,00000008,10000028,FFFFFFF4,FFFFFFF4,10000028,1000001C,00100015,1465FFF8,1,6,1
2630,00000007,00000008,1000001C,00000007,00000008,1000001C,1000001C,00000000,1000001C,0010000E,8C610000,0,2,0
2635,00000007,00000008,1000001C,00000007,00000008,1000001C,1000001C,00000000,1000001C,0010000E,8C610000,0,2,1
2640,00000000,00000007,00000008,00000000,00000007,00000000,00000000,00000007,00000008,0010000F,00E1302A,4,7,0
2645,00000000,00000007,00000008,00000000,00000007,00000000,00000000,00000007,00000008,0010000F,00E1302A,4,7,1
2650,00000000,00000000,00000000,00000000,00000000,00000000,00000000,00000000,00000000,00100010,1CC00003,0,2,0
2655,00000000,00000000,00000000,00000000,00000000,00000000,00000000,00000000,00000000,00100010,1CC00003,0,2,1
2660,10000010,00000007,10000010,00000007,00000007,10000010,10000010,00000000,10000010,00100011,AC410000,0,2,0
2665,10000010,00000007,10000010,00000007,00000007,10000010,10000010,00000000,10000010,00100011,AC410000,0,2,1
2670,1000001C,00000008,1000001C,00000008,00000008,1000001C,1000001C,00000000,1000001C,00100012,AC670000,0,2,0
2675,1000001C,00000008,1000001C,00000008,00000008,1000001C,1000001C,00000000,1000001C,00100012,AC670000,0,2,1
2680,00000007,00000000,00000007,00000005,00000000,00000007,00000007,00000000,00000007,00100013,00203820,4,2,0
2685,00000007,00000000,00000007,00000005,00000000,00000007,00000007,00000000,00000007,00100013,00203820,4,2,1
2690,10000020,1000001C,1000001C,00000006,1000001C,10000020,10000020,00000004,1000001C,00100014,20630004,0,2,0
2695,10000020,1000001C,1000001C,00000006,1000001C,10000020,10000020,00000004,1000001C,00100014,20630004,0,2,1
2700,FFFFFFF8,10000028,10000020,00000000,10000028,FFFFFFF8,FFFFFFF8,10000028,10000020,00100015,1465FFF8,1,6,0
2705,FFFFFFF8,10000028,10000020,00000000,10000028,FFFFFFF8,FFFFFFF8,10000028,10000020,00100015,1465FFF8,1,6,1
2710,00000006,00000007,10000020,00000006,00000007,10000020,10000020,00000000,10000020,0010000E,8C610000,0,2,0
2715,00000006,00000007,10000020,00000006,00000007,10000020,10000020,00000000,10000020,0010000E,8C610000,0,2,1
2720,00000000,00000006,00000007,00000000,00000006,00000000,00000000,00000006,00000007,0010000F,00E1302A,4,7,0
2725,00000000,00000006,00000007,00000000,00000006,00000000,00000000,00000006,00000007,0010000F,00E1302A,4,7,1
2730,00000000,00000000,00000000,00000000,00000000,00000000,00000000,00000000,00000000,00100010,1CC00003,0,2,0
2735,00000000,00000000,00000000,00000000,00000000,00000000,00000000,00000000,00000000,00100010,1CC00003,0,2,1
2740,10000010,00000006,10000010,00000006,00000006,10000010,10000010,00000000,10000010,00100011,AC410000,0,2,0
2745,10000010,00000006,10000010,00000006,00000006,10000010,10000010,00000000,10000010,00100011,AC410000,0,2,1
2750,10000020,00000007,10000020,00000007,00000007,10000020,10000020,00000000,10000020,00100012,AC670000,0,2,0
2755,10000020,00000007,10000020,00000007,00000007,10000020,10000020,00000000,10000020,00100012,AC670000,0,2,1
2760,00000006,00000000,00000006,00000007,00000000,00000006,00000006,00000000,00000006,00100013,00203820,4,2,0
2765,00000006,00000000,00000006,00000007,00000000,00000006,00000006,00000000,00000006,00100013,00203820,4,2,1
2770,10000024,10000020,10000020,00000005,10000020,10000024,10000024,00000004,10000020,00100014,20630004,0,2,0
2775,10000024,10000020,10000020,00000005,10000020,10000024,10000024,00000004,10000020,00100014,20630004,0,2,1
2780,FFFFFFFC,10000028,10000024,00000000,10000028,FFFFFFFC,FFFFFFFC,10000028,10000024,00100015,1465FFF8,1,6,0
2785,FFFFFFFC,10000028,10000024,00000000,10000028,FFFFFFFC,FFFFFFFC,10000028,10000024,00100015,1465FFF8,1,6,1
2790,00000005,00000006,10000024,00000005,00000006,10000024,10000024,00000000,10000024,0010000E,8C610000,0,2,0
2795,00000005,00000006,10000024,00000005,00000006,10000024,10000024,00000000,10000024,0010000E,8C610000,0,2,1
2800,00000000,00000005,00000006,00000000,00000005,00000000,00000000,00000005,00000006,0010000F,00E1302A,4,7,0
2805,00000000,00000005,00000006,00000000,00000005,00000000,00000000,00000005,00000006,0010000F,00E1302A,4,7,1
2810,00000000,00000000,00000000,00000000,00000000,00000000,00000000,00000000,00000000,00100010,1CC00003,0,2,0
2815,00000000,00000000,00000000,00000000,00000000,00000000,00000000,00000000,00000000,00100010,1CC00003,0,2,1
2820,10000010,00000005,10000010,00000005,00000005,10000010,10000010,00000000,10000010,00100011,AC410000,0,2,0
2825,10000010,00000005,10000010,00000005,00000005,10000010,10000010,00000000,10000010,00100011,AC410000,0,2,1
2830,10000024,00000006,10000024,00000006,00000006,10000024,10000024,00000000,10000024,00100012,AC670000,0,2,0
2835,10000024,00000006,10000024,00000006,00000006,10000024,10000024,00000000,10000024,00100012,AC670000,0,2,1
2840,00000005,00000000,00000005,00000006,00000000,00000005,00000005,00000000,00000005,00100013,00203820,4,2,0
2845,00000005,00000000,00000005,00000006,00000000,00000005,00000005,00000000,00000005,00100013,00203820,4,2,1
2850,10000028,10000024,10000024,00000006,10000024,10000028,10000028,00000004,10000024,00100014,20630004,0,2,0
2855,10000028,10000024,10000024,00000006,10000024,10000028,10000028,00000004,10000024,00100014,20630004,0,2,1
2860,00000000,10000028,10000028,00000000,10000028,00000000,00000000,10000028,10000028,00100015,1465FFF8,1,6,0
2865,00000000,10000028,10000028,00000000,10000028,00000000,00000000,10000028,10000028,00100015,1465FFF8,1,6,1
2870,10000014,10000010,10000010,0000000A,10000010,10000014,10000014,00000004,10000010,00100016,20420004,0,2,0
2875,10000014,10000010,10000010,0000000A,10000010,10000014,10000014,00000004,10000010,00100016,20420004,0,2,1
2880,FFFFFFF0,10000024,10000014,00000005,10000024,FFFFFFF0,FFFFFFF0,10000024,10000014,00100017,1444FFF4,1,6,0
2885,FFFFFFF0,10000024,10000014,00000005,10000024,FFFFFFF0,FFFFFFF0,10000024,10000014,00100017,1444FFF4,1,6,1
2890,0000000A,00000005,10000014,0000000A,00000005,10000014,10000014,00000000,10000014,0010000C,8C470000,0,2,0
2895,0000000A,00000005,10000014,0000000A,00000005,10000014,10000014,00000000,10000014,0010000C,8C470000,0,2,1
2900,10000018,10000028,10000014,00000009,10000028,10000018,10000018,00000004,10000014,0010000D,20430004,0,2,0
2905,10000018,10000028,10000014,00000009,10000028,10000018,10000018,00000004,10000014,0010000D,20430004,0,2,1
2910,00000009,00000005,10000018,00000009,00000005,10000018,10000018,00000000,10000018,0010000E,8C610000,0,2,0
2915,00000009,00000005,10000018,00000009,00000005,10000018,10000018,00000000,10000018,0010000E,8C610000,0,2,1
2920,00000000,00000009,0000000A,00000000,00000009,00000000,00000000,00000009,0000000A,0010000F,00E1302A,4,7,0
2925,00000000,00000009,0000000A,00000000,00000009,00000000,00000000,00000009,0000000A,0010000F,00E1302A,4,7,1
2930,00000000,00000000,00000000,00000000,00000000,00000000,00000000,00000000,00000000,00100010,1CC00003,0,2,0
2935,00000000,00000000,00000000,00000000,00000000,00000000,00000000,00000000,00000000,00100010,1CC00003,0,2,1
2940,10000014,00000009,10000014,00000009,00000009,10000014,10000014,00000000,10000014,00100011,AC410000,0,2,0
2945,10000014,00000009,10000014,00000009,00000009,10000014,10000014,00000000,10000014,00100011,AC410000,0,2,1
2950,10000018,0000000A,10000018,0000000A,0000000A,10000018,10000018,00000000,10000018,00100012,AC670000,0,2,0
2955,10000018,0000000A,10000018,0000000A,0000000A,10000018,10000018,00000000,10000018,00100012,AC670000,0,2,1
2960,00000009,00000000,00000009,0000000A,00000000,00000009,00000009,00000000,00000009,00100013,00203820,4,2,0
2965,00000009,00000000,00000009,0000000A,00000000,00000009,00000009,00000000,00000009,00100013,00203820,4,2,1
2970,1000001C,10000018,10000018,00000008,10000018,1000001C,1000001C,00000004,10000018,00100014,20630004,0,2,0
2975,1000001C,10000018,10000018,00000008,10000018,1000001C,1000001C,00000004,10000018,00100014,20630004,0,2,1
2980,FFFFFFF4,10000028,1000001C,00000000,10000028,FFFFFFF4,FFFFFFF4,10000028,1000001C,00100015,1465FFF8,1,6,0
2985,FFFFFFF4,10000028,1000001C,00000000,10000028,FFFFFFF4,FFFFFFF4,10000028,1000001C,00100015,1465FFF8,1,6,1
2990,00000008,00000009,1000001C,00000008,00000009,1000001C,1000001C,00000000,1000001C,0010000E,8C610000,0,2,0
2995,00000008,00000009,1000001C,00000008,00000009,1000001C,1000001C,00000000,1000001C,0010000E,8C610000,0,2,1
3000,00000000,00000008,00000009,00000000,00000008,00000000,00000000,00000008,00000009,0010000F,00E1302A,4,7,0
3005,00000000,00000008,00000009,00000000,00000008,00000000,00000000,00000008,00000009,0010000F,00E1302A,4,7,1
3010,00000000,00000000,00000000,00000000,00000000,00000000,00000000,00000000,00000000,00100010,1CC00003,0,2,0
3015,00000000,00000000,00000000,00000000,00000000,00000000,00000000,00000000,00000000,00100010,1CC00003,0,2,1
3020,10000014,00000008,10000014,00000008,00000008,10000014,10000014,00000000,10000014,00100011,AC410000,0,2,0
3025,10000014,00000008,10000014,00000008,00000008,10000014,10000014,00000000,10000014,00100011,AC410000,0,2,1
3030,1000001C,00000009,1000001C,00000009,00000009,1000001C,1000001C,00000000,1000001C,00100012,AC670000,0,2,0
3035,1000001C,00000009,1000001C,00000009,00000009,1000001C,1000001C,00000000,1000001C,00100012,AC670000,0,2,1
3040,00000008,00000000,00000008,00000006,00000000,00000008,00000008,00000000,00000008,00100013,00203820,4,2,0
3045,00000008,00000000,00000008,00000006,00000000,00000008,00000008,00000000,00000008,00100013,00203820,4,2,1
3050,10000020,1000001C,1000001C,00000007,1000001C,10000020,10000020,00000004,1000001C,00100014,20630004,0,2,0
3055,10000020,1000001C,1000001C,00000007,1000001C,10000020,10000020,00000004,1000001C,00100014,20630004,0,2,1
3060,FFFFFFF8,10000028,10000020,00000008,10000028,FFFFFFF8,FFFFFFF8,10000028,10000020,00100015,1465FFF8,1,6,0
3065,FFFFFFF8,10000028,10000020,00000008,10000028,FFFFFFF8,FFFFFFF8,10000028,10000020,00100015,1465FFF8,1,6,1
3070,00000007,00000008,10000020,00000007,00000008,10000020,10000020,00000000,10000020,0010000E,8C610000,0,2,0
3075,00000007,00000008,10000020,00000007,00000008,10000020,10000020,00000000,10000020,0010000E,8C610000,0,2,1
3080,00000000,00000007,00000008,00000000,00000007,00000000,00000000,00000007,00000008,0010000F,00E1302A,4,7,0
3085,00000000,00000007,00000008,00000000,00000007,00000000,00000000,00000007,00000008,0010000F,00E1302A,4,7,1
3090,00000000,00000000,00000000,00000000,00000000,00000000,00000000,00000000,00000000,00100010,1CC00003,0,2,0
3095,00000000,00000000,00000000,00000000,00000000,00000000,00000000,00000000,00000000,00100010,1CC00003,0,2,1
3100,10000014,00000007,10000014,00000007,00000007,10000014,10000014,00000000,10000014,00100011,AC410000,0,2,0
3105,10000014,00000007,10000014,00000007,00000007,10000014,10000014,00000000,10000014,00100011,AC410000,0,2,1
3110,10000020,00000008,10000020,00000008,00000008,10000020,10000020,00000000,10000020,00100012,AC670000,0,2,0
3115,10000020,00000008,10000020,00000008,00000008,10000020,10000020,00000000,10000020,00100012,AC670000,0,2,1
3120,00000007,00000000,00000007,00000008,00000000,00000007,00000007,00000000,00000007,00100013,00203820,4,2,0
3125,00000007,00000000,00000007,00000008,00000000,00000007,00000007,00000000,00000007,00100013,00203820,4,2,1
3130,10000024,10000020,10000020,00000006,10000020,10000024,10000024,00000004,10000020,00100014,20630004,0,2,0
3135,10000024,10000020,10000020,00000006,10000020,10000024,10000024,00000004,10000020,00100014,20630004,0,2,1
3140,FFFFFFFC,10000028,10000024,00000000,10000028,FFFFFFFC,FFFFFFFC,10000028,10000024,00100015,1465FFF8,1,6,0
3145,FFFFFFFC,10000028,10000024,00000000,10000028,FFFFFFFC,FFFFFFFC,10000028,10000024,00100015,1465FFF8,1,6,1
3150,00000006,00000007,10000024,00000006,00000007,10000024,10000024,00000000,10000024,0010000E,8C610000,0,2,0
3155,00000006,00000007,10000024,00000006,00000007,10000024,10000024,00000000,10000024,0010000E,8C610000,0,2,1
3160,00000000,00000006,00000007,00000000,00000006,00000000,00000000,00000006,00000007,0010000F,00E1302A,4,7,0
3165,00000000,00000006,00000007,00000000,00000006,00000000,00000000,00000006,00000007,0010000F,00E1302A,4,7,1
3170,00000000,00000000,00000000,00000000,00000000,00000000,00000000,00000000,00000000,00100010,1CC00003,0,2,0
3175,00000000,00000000,00000000,00000000,00000000,00000000,00000000,00000000,00000000,00100010,1CC00003,0,2,1
3180,10000014,00000006,10000014,00000006,00000006,10000014,10000014,00000000,10000014,00100011,AC410000,0,2,0
3185,10000014,00000006,10000014,00000006,00000006,10000014,10000014,00000000,10000014,00100011,AC410000,0,2,1
3190,10000024,00000007,10000024,00000007,00000007,10000024,10000024,00000000,10000024,00100012,AC670000,0,2,0
3195,10000024,00000007,10000024,00000007,00000007,10000024,10000024,00000000,10000024,00100012,AC670000,0,2,1
3200,00000006,00000000,00000006,00000007,00000000,00000006,00000006,00000000,00000006,00100013,00203820,4,2,0
3205,00000006,00000000,00000006,00000007,00000000,00000006,00000006,00000000,00000006,00100013,00203820,4,2,1
3210,10000028,10000024,10000024,00000007,10000024,10000028,10000028,00000004,10000024,00100014,20630004,0,2,0
3215,10000028,10000024,10000024,00000007,10000024,10000028,10000028,00000004,10000024,00100014,20630004,0,2,1
3220,00000000,10000028,10000028,00000000,10000028,00000000,00000000,10000028,10000028,00100015,1465FFF8,1,6,0
3225,00000000,10000028,10000028,00000000,10000028,00000000,00000000,10000028,10000028,00100015,1465FFF8,1,6,1
3230,10000018,10000014,10000014,0000000A,10000014,10000018,10000018,00000004,10000014,00100016,20420004,0,2,0
3235,10000018,10000014,10000014,0000000A,10000014,10000018,10000018,00000004,10000014,00100016,20420004,0,2,1
3240,FFFFFFF4,10000024,10000018,00000006,10000024,FFFFFFF4,FFFFFFF4,10000024,10000018,00100017,1444FFF4,1,6,0
3245,FFFFFFF4,10000024,10000018,00000006,10000024,FFFFFFF4,FFFFFFF4,10000024,10000018,00100017,1444FFF4,1,6,1
3250,0000000A,00000006,10000018,0000000A,00000006,10000018,10000018,00000000,10000018,0010000C,8C470000,0,2,0
3255,0000000A,00000006,10000018,0000000A,00000006,10000018,10000018,00000000,10000018,0010000C,8C470000,0,2,1
3260,1000001C,10000028,10000018,00000009,10000028,1000001C,1000001C,00000004,10000018,0010000D,20430004,0,2,0
3265,1000001C,10000028,10000018,00000009,10000028,1000001C,1000001C,00000004,10000018,0010000D,20430004,0,2,1
3270,00000009,00000006,1000001C,00000009,00000006,1000001C,1000001C,00000000,1000001C,0010000E,8C610000,0,2,0
3275,00000009,00000006,1000001C,00000009,00000006,1000001C,1000001C,00000000,1000001C,0010000E,8C610000,0,2,1
3280,00000000,00000009,0000000A,00000000,00000009,00000000,00000000,00000009,0000000A,0010000F,00E1302A,4,7,0
3285,00000000,00000009,0000000A,00000000,00000009,00000000,00000000,00000009,0000000A,0010000F,00E1302A,4,7,1
3290,00000000,00000000,00000000,00000000,00000000,00000000,00000000,00000000,00000000,00100010,1CC00003,0,2,0
3295,00000000,00000000,00000000,00000000,00000000,00000000,00000000,00000000,00000000,00100010,1CC00003,0,2,1
3300,10000018,00000009,10000018,00000009,00000009,10000018,10000018,00000000,10000018,00100011,AC410000,0,2,0
3305,10000018,00000009,10000018,00000009,00000009,10000018,10000018,00000000,10000018,00100011,AC410000,0,2,1
3310,1000001C,0000000A,1000001C,0000000A,0000000A,1000001C,1000001C,00000000,1000001C,00100012,AC670000,0,2,0
3315,1000001C,0000000A,1000001C,0000000A,0000000A,1000001C,1000001C,00000000,1000001C,00100012,AC670000,0,2,1
3320,00000009,00000000,00000009,0000000A,00000000,00000009,00000009,00000000,00000009,00100013,00203820,4,2,0
3325,00000009,00000000,00000009,0000000A,00000000,00000009,00000009,00000000,00000009,00100013,00203820,4,2,1
3330,10000020,1000001C,1000001C,00000008,1000001C,10000020,10000020,00000004,1000001C,00100014,20630004,0,2,0
3335,10000020,1000001C,1000001C,00000008,1000001C,10000020,10000020,00000004,1000001C,00100014,20630004,0,2,1
3340,FFFFFFF8,10000028,10000020,00000000,10000028,FFFFFFF8,FFFFFFF8,10000028,10000020,00100015,1465FFF8,1,6,0
3345,FFFFFFF8,10000028,10000020,00000000,10000028,FFFFFFF8,FFFFFFF8,10000028,10000020,00100015,1465FFF8,1,6,1
3350,00000008,00000009,10000020,00000008,00000009,10000020,10000020,00000000,10000020,0010000E,8C610000,0,2,0
3355,00000008,00000009,10000020,00000008,00000009,10000020,10000020,00000000,10000020,0010000E,8C610000,0,2,1
3360,00000000,00000008,00000009,00000000,00000008,00000000,00000000,00000008,00000009,0010000F,00E1302A,4,7,0
3365,00000000,00000008,00000009,00000000,00000008,00000000,00000000,00000008,00000009,0010000F,00E1302A,4,7,1
3370,00000000,00000000,00000000,00000000,00000000,00000000,00000000,00000000,00000000,00100010,1CC00003,0,2,0
3375,00000000,00000000,00000000,00000000,00000000,00000000,00000000,00000000,00000000,00100010,1CC00003,0,2,1
3380,10000018,00000008,10000018,00000008,00000008,10000018,10000018,00000000,10000018,00100011,AC410000,0,2,0
3385,10000018,00000008,10000018,00000008,00000008,10000018,10000018,00000000,10000018,00100011,AC410000,0,2,1
3390,10000020,00000009,10000020,00000009,00000009,10000020,10000020,00000000,10000020,00100012,AC670000,0,2,0
3395,10000020,00000009,10000020,00000009,00000009,10000020,10000020,00000000,10000020,00100012,AC670000,0,2,1
3400,00000008,00000000,00000008,00000009,00000000,00000008,00000008,00000000,00000008,00100013,00203820,4,2,0
3405,00000008,00000000,00000008,00000009,00000000,00000008,00000008,00000000,00000008,00100013,00203820,4,2,1
3410,10000024,10000020,10000020,00000007,10000020,10000024,10000024,00000004,10000020,00100014,20630004,0,2,0
3415,10000024,10000020,10000020,00000007,10000020,10000024,10000024,00000004,10000020,00100014,20630004,0,2,1
3420,FFFFFFFC,10000028,10000024,00000008,10000028,FFFFFFFC,FFFFFFFC,10000028,10000024,00100015,1465FFF8,1,6,0
3425,FFFFFFFC,10000028,10000024,00000008,10000028,FFFFFFFC,FFFFFFFC,10000028,10000024,00100015,1465FFF8,1,6,1
3430,00000007,00000008,10000024,00000007,00000008,10000024,10000024,00000000,10000024,0010000E,8C610000,0,2,0
3435,00000007,00000008,10000024,00000007,00000008,10000024,10000024,00000000,10000024,0010000E,8C610000,0,2,1
3440,00000000,00000007,00000008,00000000,00000007,00000000,00000000,00000007,00000008,0010000F,00E1302A,4,7,0
3445,00000000,00000007,00000008,00000000,00000007,00000000,00000000,00000007,00000008,0010000F,00E1302A,4,7,1
3450,00000000,00000000,00000000,00000000,00000000,00000000,00000000,00000000,00000000,00100010,1CC00003,0,2,0
3455,00000000,00000000,00000000,00000000,00000000,00000000,00000000,00000000,00000000,00100010,1CC00003,0,2,1
3460,10000018,00000007,10000018,00000007,00000007,10000018,10000018,00000000,10000018,00100011,AC410000,0,2,0
3465,10000018,00000007,10000018,00000007,00000007,10000018,10000018,00000000,10000018,00100011,AC410000,0,2,1
3470,10000024,00000008,10000024,00000008,00000008,10000024,10000024,00000000,10000024,00100012,AC670000,0,2,0
3475,10000024,00000008,10000024,00000008,00000008,10000024,10000024,00000000,10000024,00100012,AC670000,0,2,1
3480,00000007,00000000,00000007,00000008,00000000,00000007,00000007,00000000,00000007,00100013,00203820,4,2,0
3485,00000007,00000000,00000007,00000008,00000000,00000007,00000007,00000000,00000007,00100013,00203820,4,2,1
3490,10000028,10000024,10000024,00000008,10000024,10000028,10000028,00000004,10000024,00100014,20630004,0,2,0
3495,10000028,10000024,10000024,00000008,10000024,10000028,10000028,00000004,10000024,00100014,20630004,0,2,1
3500,00000000,10000028,10000028,00000000,10000028,00000000,00000000,10000028,10000028,00100015,1465FFF8,1,6,0
3505,00000000,10000028,10000028,00000000,10000028,00000000,00000000,10000028,10000028,00100015,1465FFF8,1,6,1
3510,1000001C,10000018,10000018,0000000A,10000018,1000001C,1000001C,00000004,10000018,00100016,20420004,0,2,0
3515,1000001C,10000018,10000018,0000000A,10000018,1000001C,1000001C,00000004,10000018,00100016,20420004,0,2,1
3520,FFFFFFF8,10000024,1000001C,00000007,10000024,FFFFFFF8,FFFFFFF8,10000024,1000001C,00100017,1444FFF4,1,6,0
3525,FFFFFFF8,10000024,1000001C,00000007,10000024,FFFFFFF8,FFFFFFF8,10000024,1000001C,00100017,1444FFF4,1,6,1
3530,0000000A,00000007,1000001C,0000000A,00000007,1000001C,1000001C,00000000,1000001C,0010000C,8C470000,0,2,0
3535,0000000A,00000007,1000001C,0000000A,00000007,1000001C,1000001C,00000000,1000001C,0010000C,8C470000,0,2,1
3540,10000020,10000028,1000001C,00000009,10000028,10000020,10000020,00000004,1000001C,0010000D,20430004,0,2,0
3545,10000020,10000028,1000001C,00000009,10000028,10000020,10000020,00000004,1000001C,0010000D,20430004,0,2,1
3550,00000009,00000007,10000020,00000009,00000007,10000020,10000020,00000000,10000020,0010000E,8C610000,0,2,0
3555,00000009,00000007,10000020,00000009,00000007,10000020,10000020,00000000,10000020,0010000E,8C610000,0,2,1
3560,00000000,00000009,0000000A,00000000,00000009,00000000,00000000,00000009,0000000A,0010000F,00E1302A,4,7,0
3565,00000000,00000009,0000000A,00000000,00000009,00000000,00000000,00000009,0000000A,0010000F,00E1302A,4,7,1
3570,00000000,00000000,00000000,00000000,00000000,00000000,00000000,00000000,00000000,00100010,1CC00003,0,2,0
3575,00000000,00000000,00000000,00000000,00000000,00000000,00000000,00000000,00000000,00100010,1CC00003,0,2,1
3580,1000001C,00000009,1000001C,00000009,00000009,1000001C,1000001C,00000000,1000001C,00100011,AC410000,0,2,0
3585,1000001C,00000009,1000001C,00000009,00000009,1000001C,1000001C,00000000,1000001C,00100011,AC410000,0,2,1
3590,10000020,0000000A,10000020,0000000A,0000000A,10000020,10000020,00000000,10000020,00100012,AC670000,0,2,0
3595,10000020,0000000A,10000020,0000000A,0000000A,10000020,10000020,00000000,10000020,00100012,AC670000,0,2,1
3600,00000009,00000000,00000009,0000000A,00000000,00000009,00000009,00000000,00000009,00100013,00203820,4,2,0
3605,00000009,00000000,00000009,0000000A,00000000,00000009,00000009,00000000,00000009,00100013,00203820,4,2,1
3610,10000024,10000020,10000020,00000008,10000020,10000024,10000024,00000004,10000020,00100014,20630004,0,2,0
3615,10000024,10000020,10000020,00000008,10000020,10000024,10000024,00000004,10000020,00100014,20630004,0,2,1
3620,FFFFFFFC,10000028,10000024,00000000,10000028,FFFFFFFC,FFFFFFFC,10000028,10000024,00100015,1465FFF8,1,6,0
3625,FFFFFFFC,10000028,10000024,00000000,10000028,FFFFFFFC,FFFFFFFC,10000028,10000024,00100015,1465FFF8,1,6,1
3630,00000008,00000009,10000024,00000008,00000009,10000024,10000024,00000000,10000024,0010000E,8C610000,0,2,0
3635,00000008,00000009,10000024,00000008,00000009,10000024,10000024,00000000,10000024,0010000E,8C610000,0,2,1
3640,00000000,00000008,00000009,00000000,00000008,00000000,00000000,00000008,00000009,0010000F,00E1302A,4,7,0
3645,00000000,00000008,00000009,00000000,00000008,00000000,00000000,00000008,00000009,0010000F,00E1302A,4,7,1
3650,00000000,00000000,00000000,00000000,00000000,00000000,00000000,00000000,00000000,00100010,1CC00003,0,2,0
3655,00000000,00000000,00000000,00000000,00000000,00000000,00000000,00000000,00000000,00100010,1CC00003,0,2,1
3660,1000001C,00000008,1000001C,00000008,00000008,1000001C,1000001C,00000000,1000001C,00100011,AC410000,0,2,0
3665,1000001C,00000008,1000001C,00000008,00000008,1000001C,1000001C,00000000,1000001C,00100011,AC410000,0,2,1
3670,10000024,00000009,10000024,00000009,00000009,10000024,10000024,00000000,10000024,00100012,AC670000,0,2,0
3675,10000024,00000009,10000024,00000009,00000009,10000024,10000024,00000000,10000024,00100012,AC670000,0,2,1
3680,00000008,00000000,00000008,00000009,00000000,00000008,00000008,00000000,00000008,00100013,00203820,4,2,0
3685,00000008,00000000,00000008,00000009,00000000,00000008,00000008,00000000,00000008,00100013,00203820,4,2,1
3690,10000028,10000024,10000024,00000009,10000024,10000028,10000028,00000004,10000024,00100014,20630004,0,2,0
3695,10000028,10000024,10000024,00000009,10000024,10000028,10000028,00000004,10000024,00100014,20630004,0,2,1
3700,00000000,10000028,10000028,00000000,10000028,00000000,00000000,10000028,10000028,00100015,1465FFF8,1,6,0
3705,00000000,10000028,10000028,00000000,10000028,00000000,00000000,10000028,10000028,00100015,1465FFF8,1,6,1
3710,10000020,1000001C,1000001C,0000000A,1000001C,10000020,10000020,00000004,1000001C,00100016,20420004,0,2,0
3715,10000020,1000001C,1000001C,0000000A,1000001C,10000020,10000020,00000004,1000001C,00100016,20420004,0,2,1
3720,FFFFFFFC,10000024,10000020,00000008,10000024,FFFFFFFC,FFFFFFFC,10000024,10000020,00100017,1444FFF4,1,6,0
3725,FFFFFFFC,10000024,10000020,00000008,10000024,FFFFFFFC,FFFFFFFC,10000024,10000020,00100017,1444FFF4,1,6,1
3730,0000000A,00000008,10000020,0000000A,00000008,10000020,10000020,00000000,10000020,0010000C,8C470000,0,2,0
3735,0000000A,00000008,10000020,0000000A,00000008,10000020,10000020,00000000,10000020,0010000C,8C470000,0,2,1
3740,10000024,10000028,10000020,00000009,10000028,10000024,10000024,00000004,10000020,0010000D,20430004,0,2,0
3745,10000024,10000028,10000020,00000009,10000028,10000024,10000024,00000004,10000020,0010000D,20430004,0,2,1
3750,00000009,00000008,10000024,00000009,00000008,10000024,10000024,00000000,10000024,0010000E,8C610000,0,2,0
3755,00000009,00000008,10000024,00000009,00000008,10000024,10000024,00000000,10000024,0010000E,8C610000,0,2,1
3760,00000000,00000009,0000000A,00000000,00000009,00000000,00000000,00000009,0000000A,0010000F,00E1302A,4,7,0
3765,00000000,00000009,0000000A,00000000,00000009,00000000,00000000,00000009,0000000A,0010000F,00E1302A,4,7,1
3770,00000000,00000000,00000000,00000000,00000000,00000000,00000000,00000000,00000000,00100010,1CC00003,0,2,0
3775,00000000,00000000,00000000,00000000,00000000,00000000,00000000,00000000,00000000,00100010,1CC00003,0,2,1
3780,10000020,00000009,10000020,00000009,00000009,10000020,10000020,00000000,10000020,00100011,AC410000,0,2,0
3785,10000020,00000009,10000020,00000009,00000009,10000020,10000020,00000000,10000020,00100011,AC410000,0,2,1
3790,10000024,0000000A,10000024,0000000A,0000000A,10000024,10000024,00000000,10000024,00100012,AC670000,0,2,0
3795,10000024,0000000A,10000024,0000000A,0000000A,10000024,10000024,00000000,10000024,00100012,AC670000,0,2,1
3800,00000009,00000000,00000009,0000000A,00000000,00000009,00000009,00000000,00000009,00100013,00203820,4,2,0
3805,00000009,00000000,00000009,0000000A,00000000,00000009,00000009,00000000,00000009,00100013,00203820,4,2,1
3810,10000028,10000024,10000024,0000000A,10000024,10000028,10000028,00000004,10000024,00100014,20630004,0,2,0
3815,10000028,10000024,10000024,0000000A,10000024,10000028,10000028,00000004,10000024,00100014,20630004,0,2,1
3820,00000000,10000028,10000028,00000000,10000028,00000000,00000000,10000028,10000028,00100015,1465FFF8,1,6,0
3825,00000000,10000028,10000028,00000000,10000028,00000000,00000000,10000028,10000028,00100015,1465FFF8,1,6,1
3830,10000024,10000020,10000020,0000000A,10000020,10000024,10000024,00000004,10000020,00100016,20420004,0,2,0
3835,10000024,10000020,10000020,0000000A,10000020,10000024,10000024,00000004,10000020,00100016,20420004,0,2,1
3840,00000000,10000024,10000024,00000000,10000024,00000000,00000000,10000024,10000024,00100017,1444FFF4,1,6,0
3845,00000000,10000024,10000024,00000000,10000024,00000000,00000000,10000024,10000024,00100017,1444FFF4,1,6,1
3850,00000000,10000024,10000024,00000000,10000024,00000000,00000000,10000024,10000024,00100018,1444FFF4,1,6,0
3855,00000000,10000024,10000024,00000000,10000024,00000000,00000000,10000024,10000024,00100018,1444FFF4,1,6,1
3860,00000000,10000024,10000024,00000000,10000024,00000000,00000000,10000024,10000024,00100019,1444FFF4,1,6,0
3865,00000000,10000024,10000024,00000000,10000024,00000000,00000000,10000024,10000024,00100019,1444FFF4,1,6,1
3870,00000000,10000024,10000024,00000000,10000024,00000000,00000000,10000024,10000024,00100019,1444FFF4,1,6,1
